DateTime,P#,L#,LotCount,PartsMade,Reject1,Reject2,Reject3,Reject4,Reject5,Reject6,Reject7,Reject8,Reject9,Reject10,Reject11,Reject12,Reject13,Reject14,Reject15,Reject16,Reject17,Reject18
12/1/2022,123456,lotno,4624,154,0,0,0,7,9,0,0,0,0,0,0,47,3,0,0,0,0,0
12/1/2022,123456,lotno,4825,201,0,0,0,3,3,0,0,0,0,0,0,55,1,0,0,0,0,0
12/1/2022,123456,lotno,4943,118,0,0,0,2,4,0,0,0,0,0,0,30,1,0,0,0,0,0
12/1/2022,123456,lotno,4943,0,0,0,0,0,0,0,0,0,0,0,0,0,0,0,0,0,0,0
12/1/2022,123456,lotno,4943,0,0,0,0,0,0,0,0,0,0,0,0,0,0,0,0,0,0,0
12/1/2022,123456,lotno,4943,0,0,0,0,0,0,0,0,0,0,0,0,0,0,0,0,0,0,0
12/1/2022,123456,lotno,4943,0,0,0,0,0,0,0,0,0,0,0,0,0,0,0,0,0,0,0
12/1/2022,123456,lotno,4943,0,0,0,0,0,0,0,0,0,0,0,0,0,0,0,0,0,0,0
12/1/2022,123456,lotno,5108,165,0,0,0,1,1,0,0,0,0,0,0,55,0,0,0,0,2,0
12/1/2022,123456,lotno,5316,208,0,0,0,0,1,0,0,0,0,0,0,87,0,0,0,0,0,0
12/1/2022,123456,lotno,5538,222,0,0,0,0,0,2,0,0,0,0,0,56,0,0,0,0,0,0
12/1/2022,123456,lotno,5763,225,0,0,0,0,1,0,0,0,0,0,0,54,0,0,0,0,0,0
12/1/2022,123456,lotno,5861,98,0,0,0,4,6,1,0,0,0,0,0,38,2,0,0,0,0,0
12/1/2022,123456,lotno,5919,58,3,0,0,0,1,0,0,0,0,0,0,28,0,2,1,0,0,0
12/1/2022,123456,lotno,6081,162,0,0,0,5,6,2,0,0,0,0,0,70,1,2,0,0,1,0
12/1/2022,123456,lotno,6255,174,0,0,0,8,8,0,0,0,0,0,0,65,3,2,0,0,0,0
12/1/2022,123456,lotno,6436,181,0,0,0,5,7,0,0,0,0,0,0,57,2,8,0,0,0,0
12/1/2022,123456,lotno,6636,200,3,0,0,0,1,2,0,0,0,0,0,60,0,1,0,0,0,0
12/1/2022,123456,lotno,6807,171,1,0,0,4,5,0,0,0,0,0,0,59,2,0,0,0,0,0
12/1/2022,123456,lotno,6897,90,0,0,0,9,8,1,0,0,0,0,0,40,3,2,0,0,0,0
12/1/2022,123456,lotno,7030,133,2,0,0,2,2,1,0,0,0,0,0,75,0,1,0,0,0,1
12/1/2022,123456,lotno,7255,225,0,0,1,0,0,0,0,0,0,0,0,64,0,0,0,0,0,0
12/1/2022,123456,lotno,7437,182,2,0,0,3,3,2,0,0,0,1,0,36,1,2,0,0,0,0
12/1/2022,123456,lotno,7646,209,3,0,0,2,3,2,0,0,0,0,0,82,1,0,0,0,0,0
12/2/2022,123456,lotno,7868,222,4,0,0,0,0,2,0,0,0,0,0,74,0,0,0,0,0,0
12/2/2022,123456,lotno,8088,220,2,0,0,0,0,0,0,0,0,0,0,57,0,2,0,0,0,0
12/2/2022,123456,lotno,8298,209,3,0,0,2,1,0,0,0,0,0,0,71,0,1,0,0,0,0
12/2/2022,123456,lotno,8311,13,1,0,0,0,0,0,0,0,0,0,0,5,0,0,0,0,0,0
12/2/2022,123456,lotno,8311,0,0,0,0,0,0,0,0,0,0,0,0,0,0,0,0,0,0,0
12/2/2022,123456,lotno,8311,0,0,0,0,0,0,0,0,0,0,0,0,0,0,0,0,0,0,0
12/2/2022,123456,lotno,8311,0,0,0,0,0,0,0,0,0,0,0,0,0,0,0,0,0,0,0
12/2/2022,123456,lotno,8311,0,0,0,0,0,0,0,0,0,0,0,0,0,0,0,0,0,0,0
12/2/2022,123456,lotno,8454,143,1,0,0,1,1,0,0,0,0,0,0,55,0,0,0,0,0,0
12/2/2022,123456,lotno,8644,190,7,0,0,0,0,0,0,0,0,4,0,54,0,1,0,0,0,0
12/2/2022,123456,lotno,8871,227,1,0,0,0,0,1,0,0,0,1,0,51,0,0,0,0,0,0
12/2/2022,123456,lotno,9024,153,4,0,0,0,0,0,0,0,1,0,1,64,0,0,0,0,0,0
12/2/2022,123456,lotno,9206,182,0,0,0,3,2,0,0,0,0,6,0,68,0,3,0,0,0,0
12/2/2022,123456,lotno,9410,204,0,0,0,3,1,0,0,0,0,0,0,102,1,0,0,0,0,0
12/2/2022,123456,lotno,9611,201,2,0,0,0,0,1,0,0,0,0,0,65,0,1,0,0,0,0
12/2/2022,123456,lotno,9789,160,0,0,0,5,5,0,0,2,0,14,0,46,1,1,0,0,0,0
12/2/2022,123456,lotno,9983,194,2,0,1,0,0,0,0,1,0,2,0,53,0,1,0,0,0,0
12/2/2022,123456,lotno,158,207,4,0,1,1,0,0,0,1,0,4,0,24,0,0,0,0,0,0
12/2/2022,123456,lotno,385,227,3,0,0,1,0,3,0,0,0,0,0,0,0,1,0,0,0,0
12/2/2022,123456,lotno,601,216,1,1,0,0,1,2,0,1,0,2,0,0,0,1,0,0,0,0
12/2/2022,123456,lotno,696,95,0,0,1,3,5,1,0,0,0,1,0,0,1,3,0,0,0,0
12/2/2022,123456,lotno,798,102,1,0,0,2,2,0,0,1,0,1,0,0,1,0,0,0,0,0
12/2/2022,123456,lotno,1027,229,0,0,0,0,0,1,0,0,0,2,0,1,0,2,0,0,0,1
12/2/2022,123456,lotno,1251,224,3,0,0,0,1,1,0,0,0,3,0,6,0,1,0,0,0,0
12/3/2022,123456,lotno,1476,225,3,0,0,1,1,0,0,0,0,1,0,14,0,0,0,0,0,0
12/3/2022,123456,lotno,1677,201,3,0,0,2,3,1,0,0,0,1,0,28,1,0,0,0,0,0
12/3/2022,123456,lotno,1813,136,1,0,1,0,1,0,0,0,0,0,0,20,0,1,0,0,0,0
12/3/2022,123456,lotno,1813,0,0,0,0,0,0,0,0,0,0,0,0,0,0,0,0,0,0,0
12/3/2022,123456,lotno,1813,0,0,0,0,0,0,0,0,0,0,0,0,0,0,0,0,0,0,0
12/3/2022,123456,lotno,1813,0,0,0,0,0,0,0,0,0,0,0,0,0,0,0,0,0,0,0
12/3/2022,123456,lotno,1813,0,0,1,1,0,0,0,0,0,0,0,0,0,0,0,0,0,0,0
12/3/2022,123456,lotno,1989,176,1,1,5,0,1,0,0,2,0,1,0,48,0,0,0,0,0,0
12/3/2022,123456,lotno,2086,97,6,0,1,0,0,0,0,3,0,5,0,18,0,2,0,0,1,0
12/3/2022,123456,lotno,2236,150,6,0,0,6,3,1,0,1,0,2,1,47,1,3,0,0,0,0
12/3/2022,123456,lotno,2427,191,6,1,2,0,1,0,0,0,0,4,0,35,0,0,0,0,0,0
12/3/2022,123456,lotno,2520,93,0,0,0,1,0,0,0,0,0,2,0,32,0,1,0,0,0,0
12/3/2022,123456,lotno,2520,0,0,0,0,0,0,0,0,0,0,0,0,0,0,0,0,0,0,0
12/3/2022,123456,lotno,2520,0,0,0,0,0,0,0,0,0,0,0,0,0,0,0,0,0,0,0
12/3/2022,123456,lotno,2520,0,0,0,0,0,0,0,0,0,0,0,0,0,0,0,0,0,0,0
12/3/2022,123456,lotno,2520,0,0,0,0,0,0,0,0,0,0,0,0,0,0,0,0,0,0,0
12/3/2022,123456,lotno,2520,0,0,0,0,0,0,0,0,0,0,0,0,0,0,0,0,0,0,0
12/3/2022,123456,lotno,2520,0,0,0,0,0,0,0,0,0,0,0,0,0,0,0,0,0,0,0
12/3/2022,123456,lotno,2520,0,0,0,0,0,0,0,0,0,0,0,0,0,0,0,0,0,0,0
12/3/2022,123456,lotno,2520,0,0,0,0,0,0,0,0,0,0,0,0,0,0,0,0,0,0,0
12/3/2022,123456,lotno,2520,0,0,0,0,0,0,0,0,0,0,0,0,0,0,0,0,0,0,0
12/3/2022,123456,lotno,2520,0,0,0,0,0,0,0,0,0,0,0,0,0,0,0,0,0,0,0
12/3/2022,123456,lotno,2520,0,0,0,0,0,0,0,0,0,0,0,0,0,0,0,0,0,0,0
12/3/2022,123456,lotno,2520,0,0,0,0,0,0,0,0,0,0,0,0,0,0,0,0,0,0,0
12/4/2022,123456,lotno,2520,0,0,0,0,0,0,0,0,0,0,0,0,0,0,0,0,0,0,0
12/4/2022,123456,lotno,2520,0,0,0,0,0,0,0,0,0,0,0,0,0,0,0,0,0,0,0
12/4/2022,123456,lotno,2520,0,0,0,0,0,0,0,0,0,0,0,0,0,0,0,0,0,0,0
12/4/2022,123456,lotno,2520,0,0,0,0,0,0,0,0,0,0,0,0,0,0,0,0,0,0,0
12/4/2022,123456,lotno,2520,0,0,0,0,0,0,0,0,0,0,0,0,0,0,0,0,0,0,0
12/4/2022,123456,lotno,2520,0,0,0,0,0,0,0,0,0,0,0,0,0,0,0,0,0,0,0
12/4/2022,123456,lotno,2520,0,0,0,0,0,0,0,0,0,0,0,0,0,0,0,0,0,0,0
12/4/2022,123456,lotno,2520,0,0,0,0,0,0,0,0,0,0,0,0,0,0,0,0,0,0,0
12/4/2022,123456,lotno,2520,0,0,0,0,0,0,0,0,0,0,0,0,0,0,0,0,0,0,0
12/4/2022,123456,lotno,2520,0,0,0,0,0,0,0,0,0,0,0,0,0,0,0,0,0,0,0
12/4/2022,123456,lotno,2520,0,0,0,0,0,0,0,0,0,0,0,0,0,0,0,0,0,0,0
12/4/2022,123456,lotno,2520,0,0,0,0,0,0,0,0,0,0,0,0,0,0,0,0,0,0,0
12/4/2022,123456,lotno,2520,0,0,0,0,0,0,0,0,0,0,0,0,0,0,0,0,0,0,0
12/4/2022,123456,lotno,2520,0,0,0,0,0,0,0,0,0,0,0,0,0,0,0,0,0,0,0
12/4/2022,123456,lotno,2520,0,0,0,0,0,0,0,0,0,0,0,0,0,0,0,0,0,0,0
12/4/2022,123456,lotno,2520,0,0,0,0,0,0,0,0,0,0,0,0,0,0,0,0,0,0,0
12/4/2022,123456,lotno,2520,0,0,0,0,0,0,0,0,0,0,0,0,0,0,0,0,0,0,0
12/4/2022,123456,lotno,2520,0,0,0,0,0,0,0,0,0,0,0,0,0,0,0,0,0,0,0
12/4/2022,123456,lotno,2520,0,0,0,0,0,0,0,0,0,0,0,0,0,0,0,0,0,0,0
12/4/2022,123456,lotno,2520,0,0,0,0,0,0,0,0,0,0,0,0,0,0,0,0,0,0,0
12/4/2022,123456,lotno,2520,0,0,0,0,0,0,0,0,0,0,0,0,0,0,0,0,0,0,0
12/4/2022,123456,lotno,2520,0,0,0,0,0,0,0,0,0,0,0,0,0,0,0,0,0,0,0
12/4/2022,123456,lotno,2520,0,0,0,0,0,0,0,0,0,0,0,0,0,0,0,0,0,0,0
12/4/2022,123456,lotno,2520,0,0,0,0,0,0,0,0,0,0,0,0,0,0,0,0,0,0,0
12/5/2022,123456,lotno,2520,0,0,0,0,0,0,0,0,0,0,0,0,0,0,0,0,0,0,0
12/5/2022,123456,lotno,2520,0,0,0,0,0,0,0,0,0,0,0,0,0,0,0,0,0,0,0
12/5/2022,123456,lotno,2520,0,0,0,0,0,0,0,0,0,0,0,0,0,0,0,0,0,0,0
12/5/2022,123456,lotno,2520,0,0,0,0,0,0,0,0,0,0,0,0,0,0,0,0,0,0,0
12/5/2022,123456,lotno,2520,0,0,0,0,0,0,0,0,0,0,0,0,0,0,0,0,0,0,0
12/5/2022,123456,lotno,2520,0,0,0,0,0,0,0,0,0,0,0,0,0,0,0,0,0,0,0
12/5/2022,123456,lotno,2520,0,0,0,0,0,0,0,0,0,0,0,0,0,0,0,0,0,0,0
12/5/2022,123456,lotno,2526,6,1,0,0,0,2,0,0,0,0,0,0,0,0,1,0,0,0,0
12/5/2022,123456,lotno,2617,91,0,0,0,21,20,0,0,1,1,2,0,24,7,6,0,0,0,0
12/5/2022,123456,lotno,2790,173,0,0,1,4,3,0,0,4,0,2,0,32,0,2,0,0,0,0
12/5/2022,123456,lotno,3022,232,0,0,0,0,0,1,0,0,0,0,0,26,0,0,0,0,0,4
12/5/2022,123456,lotno,3229,207,1,0,0,0,0,8,0,0,0,4,0,34,0,0,0,0,0,0
12/5/2022,123456,lotno,3462,233,1,0,0,0,0,0,0,0,0,0,0,14,0,0,0,0,0,0
12/5/2022,123456,lotno,3691,229,0,0,0,0,0,0,0,0,0,2,0,16,0,0,0,0,0,0
12/5/2022,123456,lotno,3889,198,3,0,0,0,0,0,0,0,0,1,0,19,0,0,0,0,0,0
12/5/2022,123456,lotno,4119,230,0,0,0,0,0,0,0,0,0,0,0,19,0,0,0,0,0,0
12/5/2022,123456,lotno,4347,228,1,0,0,0,0,2,0,0,0,1,0,17,0,1,0,0,0,0
12/5/2022,123456,lotno,4570,223,0,0,0,1,0,3,0,0,0,4,0,61,0,0,0,0,0,0
12/5/2022,123456,lotno,4797,227,0,0,0,0,0,3,0,0,0,3,0,27,0,0,0,0,0,0
12/5/2022,123456,lotno,4997,200,0,0,0,5,5,2,0,0,1,1,0,23,2,0,0,0,0,2
12/5/2022,123456,lotno,5168,171,0,0,0,1,0,0,0,0,1,5,0,41,0,0,0,0,0,1
12/5/2022,123456,lotno,5355,187,0,0,0,0,1,1,0,0,1,4,0,57,0,0,0,0,0,0
12/5/2022,123456,lotno,5529,174,1,0,0,4,4,1,0,0,1,3,0,43,1,0,0,0,0,0
12/5/2022,123456,lotno,5749,220,0,0,0,0,0,2,0,1,1,2,0,54,0,1,0,0,0,0
12/6/2022,123456,lotno,5974,225,0,0,0,0,0,1,0,0,0,2,0,59,0,1,0,0,0,0
12/6/2022,123456,lotno,6191,217,0,0,0,2,3,0,0,0,0,6,0,42,1,0,0,0,2,0
12/6/2022,123456,lotno,6402,211,2,0,0,0,0,0,0,0,0,4,0,73,0,0,0,0,0,0
12/6/2022,123456,lotno,6517,115,0,0,1,0,0,0,0,0,1,2,0,36,0,0,0,0,0,0
12/6/2022,123456,lotno,6517,0,0,0,0,0,0,0,0,0,0,0,0,0,0,0,0,0,0,0
12/6/2022,123456,lotno,6517,0,0,0,0,0,0,0,0,0,0,0,0,0,0,0,0,0,0,0
12/6/2022,123456,lotno,6517,0,0,0,0,0,0,0,0,0,0,0,0,0,0,0,0,0,0,0
12/6/2022,123456,lotno,6546,29,0,0,0,0,0,0,0,0,0,0,0,15,0,0,0,0,0,0
12/6/2022,123456,lotno,6741,195,0,0,0,0,0,7,0,0,0,5,0,65,0,1,0,0,0,0
12/6/2022,123456,lotno,6861,120,2,3,6,0,0,2,0,0,0,0,0,54,0,1,0,0,0,0
12/6/2022,123456,lotno,6992,131,4,0,1,1,1,0,0,1,0,5,0,37,0,1,0,0,5,0
12/6/2022,123456,lotno,7178,186,3,0,0,1,2,0,0,0,0,3,0,74,0,0,0,0,4,0
12/6/2022,123456,lotno,7391,213,4,0,0,0,0,0,0,0,1,8,0,90,0,0,0,0,0,0
12/6/2022,123456,lotno,7616,225,0,0,0,0,0,0,0,0,0,3,0,61,0,0,0,0,0,0
12/6/2022,123456,lotno,7823,207,4,0,0,1,0,0,0,0,0,4,0,56,1,1,0,0,0,0
12/6/2022,123456,lotno,8043,220,4,0,0,0,0,0,0,0,0,3,0,68,0,0,0,0,9,0
12/6/2022,123456,lotno,8264,221,0,0,0,0,0,1,0,0,0,2,0,58,0,1,0,0,0,0
12/6/2022,123456,lotno,8458,194,1,0,0,2,2,0,0,1,0,2,0,55,0,0,0,0,0,0
12/6/2022,123456,lotno,8684,226,0,0,0,1,0,0,0,0,0,1,0,56,0,1,0,0,0,0
12/6/2022,123456,lotno,8904,220,4,0,0,1,0,0,0,1,0,0,0,56,0,0,0,0,0,0
12/6/2022,123456,lotno,9093,189,3,0,0,0,1,1,0,0,0,3,0,69,1,0,0,0,0,0
12/6/2022,123456,lotno,9249,156,1,1,1,3,3,0,0,0,0,2,0,45,1,0,0,0,0,0
12/6/2022,123456,lotno,9468,219,7,0,0,0,0,1,0,0,0,1,0,31,0,0,0,0,0,0
12/6/2022,123456,lotno,9677,209,10,0,0,0,2,0,0,0,0,2,0,31,0,0,0,0,0,0
12/7/2022,123456,lotno,9889,212,4,1,0,0,1,1,0,0,0,0,0,65,0,0,0,0,0,0
12/7/2022,123456,lotno,9926,37,1,0,0,0,0,0,0,0,0,0,0,12,0,0,0,0,0,0
12/7/2022,123456,lotno,9926,0,0,0,0,0,0,0,0,0,0,0,0,0,0,0,0,0,0,0
12/7/2022,123456,lotno,9926,0,0,0,0,0,0,0,0,0,0,0,0,0,0,0,0,0,0,0
12/7/2022,123456,lotno,9926,0,0,0,0,0,0,0,0,0,0,0,0,0,0,0,0,0,0,0
12/7/2022,123456,lotno,9926,0,0,0,0,0,0,0,0,0,0,0,0,0,0,0,0,0,0,0
12/7/2022,123456,lotno,9926,0,0,0,0,0,0,0,0,0,0,0,0,0,0,0,0,0,0,0
12/7/2022,123456,lotno,9936,10,0,0,0,0,0,0,0,0,0,0,0,5,0,0,0,0,0,0
12/7/2022,123456,lotno,10034,98,3,0,1,0,0,0,0,0,0,0,0,44,0,0,0,0,0,2
12/7/2022,123456,lotno,10034,0,0,0,0,0,0,0,0,0,0,0,0,0,0,0,0,0,0,0
12/7/2022,123456,lotno,10034,0,0,0,0,0,0,0,0,0,0,0,0,0,0,0,0,0,0,0
12/7/2022,123456,lotno,10034,0,0,0,0,0,0,0,0,0,0,0,0,0,0,0,0,0,0,0
12/7/2022,123456,lotno,10034,0,0,0,0,0,0,0,0,0,0,0,0,0,0,0,0,0,0,0
12/7/2022,123456,lotno,10034,0,0,0,0,0,0,0,0,0,0,0,0,0,0,0,0,0,0,0
12/7/2022,123456,lotno,10034,0,0,0,0,0,0,0,0,0,0,0,0,0,0,0,0,0,0,0
12/7/2022,123456,lotno,10034,0,0,0,0,0,0,0,0,0,0,0,0,0,0,0,0,0,0,0
12/7/2022,123456,lotno,10034,0,0,0,0,0,0,0,0,0,0,0,0,0,0,0,0,0,0,0
12/7/2022,123456,lotno,10034,0,0,0,0,0,0,0,0,0,0,0,0,0,0,0,0,0,0,0
12/7/2022,123456,lotno,10034,0,0,0,0,0,0,0,0,0,0,0,0,0,0,0,0,0,0,0
12/7/2022,123456,lotno,10034,0,0,0,0,0,0,0,0,0,0,0,0,0,0,0,0,0,0,0
12/7/2022,123456,lotno,10034,0,0,0,0,0,0,0,0,0,0,0,0,0,0,0,0,0,0,0
12/7/2022,123456,lotno,10034,0,0,0,0,0,0,0,0,0,0,0,0,0,0,0,0,0,0,0
12/7/2022,123456,lotno,10034,0,0,0,0,0,0,0,0,0,0,0,0,0,0,0,0,0,0,0
12/7/2022,123456,lotno,10034,0,0,0,0,0,0,0,0,0,0,0,0,0,0,0,0,0,0,0
12/8/2022,123456,lotno,10034,0,0,0,0,0,0,0,0,0,0,0,0,0,0,0,0,0,0,0
12/8/2022,123456,lotno,10034,0,0,0,0,0,0,0,0,0,0,0,0,0,0,0,0,0,0,0
12/8/2022,123456,lotno,10034,0,0,0,0,0,0,0,0,0,0,0,0,0,0,0,0,0,0,0
12/8/2022,123456,lotno,10034,0,0,0,0,0,0,0,0,0,0,0,0,0,0,0,0,0,0,0
12/8/2022,123456,lotno,10034,0,0,0,0,0,0,0,0,0,0,0,0,0,0,0,0,0,0,0
12/8/2022,123456,lotno,10034,0,0,0,0,0,0,0,0,0,0,0,0,0,0,0,0,0,0,0
12/8/2022,123456,lotno,10034,0,0,0,0,0,0,0,0,0,0,0,0,0,0,0,0,0,0,0
12/8/2022,123456,lotno,10034,0,0,0,0,0,0,0,0,0,0,0,0,0,0,0,0,0,0,0
12/8/2022,123456,lotno,10034,0,0,0,0,0,0,0,0,0,0,0,0,0,0,0,0,0,0,0
12/8/2022,123456,lotno,10034,0,0,0,0,0,0,0,0,0,0,0,0,0,0,0,0,0,0,0
12/8/2022,123456,lotno,10034,0,0,0,0,0,0,0,0,0,0,0,0,0,0,0,0,0,0,0
12/8/2022,123456,lotno,10034,0,0,0,0,0,0,0,0,0,0,0,0,0,0,0,0,0,0,0
12/8/2022,123456,lotno,10034,0,0,0,0,0,0,0,0,0,0,0,0,0,0,0,0,0,0,0
12/8/2022,123456,lotno,10034,0,0,0,0,0,0,0,0,0,0,0,0,0,0,0,0,0,0,0
12/8/2022,123456,lotno,10034,0,0,0,0,0,0,0,0,0,0,0,0,0,0,0,0,0,0,0
12/8/2022,123456,lotno,10034,0,0,0,0,0,0,0,0,0,0,0,0,0,0,0,0,0,0,0
12/8/2022,123456,lotno,10034,0,0,0,0,0,0,0,0,0,0,0,0,0,0,0,0,0,0,0
12/8/2022,123456,lotno,10034,0,0,0,0,0,0,0,0,0,0,0,0,0,0,0,0,0,0,0
12/8/2022,123456,lotno,10034,0,0,0,0,0,0,0,0,0,0,0,0,0,0,0,0,0,0,0
12/8/2022,123456,lotno,10034,0,0,0,0,0,0,0,0,0,0,0,0,0,0,0,0,0,0,0
12/8/2022,123456,lotno,10034,0,0,0,0,0,0,0,0,0,0,0,0,0,0,0,0,0,0,0
12/8/2022,123456,lotno,10034,0,0,0,0,0,0,0,0,0,0,0,0,0,0,0,0,0,0,0
12/8/2022,123456,lotno,10034,0,0,0,0,0,0,0,0,0,0,0,0,0,0,0,0,0,0,0
12/8/2022,123456,lotno,10034,0,0,0,0,0,0,0,0,0,0,0,0,0,0,0,0,0,0,0
12/9/2022,123456,lotno,10034,0,0,0,0,0,0,0,0,0,0,0,0,0,0,0,0,0,0,0
12/9/2022,123456,lotno,10034,0,0,0,0,0,0,0,0,0,0,0,0,0,0,0,0,0,0,0
12/9/2022,123456,lotno,10034,0,0,0,0,0,0,0,0,0,0,0,0,0,0,0,0,0,0,0
12/9/2022,123456,lotno,10034,0,0,0,0,0,0,0,0,0,0,0,0,0,0,0,0,0,0,0
12/9/2022,123456,lotno,10034,0,0,0,0,0,0,0,0,0,0,0,0,0,0,0,0,0,0,0
12/9/2022,123456,lotno,10034,0,0,0,0,0,0,0,0,0,0,0,0,0,0,0,0,0,0,0
12/9/2022,123456,lotno,10034,0,0,0,0,0,0,0,0,0,0,0,0,0,0,0,0,0,0,0
12/9/2022,123456,lotno,10034,0,0,0,0,0,0,0,0,0,0,0,0,0,0,0,0,0,0,0
12/9/2022,123456,lotno,10034,0,0,0,0,0,0,0,0,0,0,0,0,0,0,0,0,0,0,0
12/9/2022,123456,lotno,10034,0,0,0,0,0,0,0,0,0,0,0,0,0,0,0,0,0,0,0
12/9/2022,123456,lotno,10034,0,0,0,0,0,0,0,0,0,0,0,0,0,0,0,0,0,0,0
12/9/2022,123456,lotno,10034,0,0,0,0,0,0,0,0,0,0,0,0,0,0,0,0,0,0,0
12/9/2022,123456,lotno,10034,0,0,0,0,0,0,0,0,0,0,0,0,0,0,0,0,0,0,0
12/9/2022,123456,lotno,10034,0,0,0,0,0,0,0,0,0,0,0,0,0,0,0,0,0,0,0
12/9/2022,123456,lotno,10034,0,0,0,0,0,0,0,0,0,0,0,0,0,0,0,0,0,0,0
12/9/2022,123456,lotno,10034,0,0,0,0,0,0,0,0,0,0,0,0,0,0,0,0,0,0,0
12/9/2022,123456,lotno,10034,0,0,0,0,0,0,0,0,0,0,0,0,0,0,0,0,0,0,0
12/9/2022,123456,lotno,10034,0,0,0,0,0,0,0,0,0,0,0,0,0,0,0,0,0,0,0
12/9/2022,123456,lotno,10034,0,0,0,0,0,0,0,0,0,0,0,0,0,0,0,0,0,0,0
12/9/2022,123456,lotno,10034,0,0,0,0,0,0,0,0,0,0,0,0,0,0,0,0,0,0,0
12/9/2022,123456,lotno,10034,0,0,0,0,0,0,0,0,0,0,0,0,0,0,0,0,0,0,0
12/9/2022,123456,lotno,10034,0,0,0,0,0,0,0,0,0,0,0,0,0,0,0,0,0,0,0
12/9/2022,123456,lotno,10034,0,0,0,0,0,0,0,0,0,0,0,0,0,0,0,0,0,0,0
12/9/2022,123456,lotno,10034,0,0,0,0,0,0,0,0,0,0,0,0,0,0,0,0,0,0,0
12/10/2022,123456,lotno,10034,0,0,0,0,0,0,0,0,0,0,0,0,0,0,0,0,0,0,0
12/10/2022,123456,lotno,10034,0,0,0,0,0,0,0,0,0,0,0,0,0,0,0,0,0,0,0
12/10/2022,123456,lotno,10034,0,0,0,0,0,0,0,0,0,0,0,0,0,0,0,0,0,0,0
12/10/2022,123456,lotno,10034,0,0,0,0,0,0,0,0,0,0,0,0,0,0,0,0,0,0,0
12/10/2022,123456,lotno,10034,0,0,0,0,0,0,0,0,0,0,0,0,0,0,0,0,0,0,0
12/10/2022,123456,lotno,10034,0,0,0,0,0,0,0,0,0,0,0,0,0,0,0,0,0,0,0
12/10/2022,123456,lotno,10034,0,0,0,0,0,0,0,0,0,0,0,0,0,0,0,0,0,0,0
12/10/2022,123456,lotno,10034,0,0,0,0,0,0,0,0,0,0,0,0,0,0,0,0,0,0,0
12/10/2022,123456,lotno,10034,0,0,0,0,0,0,0,0,0,0,0,0,0,0,0,0,0,0,0
12/10/2022,123456,lotno,10034,0,0,0,0,0,0,0,0,0,0,0,0,0,0,0,0,0,0,0
12/10/2022,123456,lotno,10034,0,0,0,0,0,0,0,0,0,0,0,0,0,0,0,0,0,0,0
12/10/2022,123456,lotno,10034,0,0,0,0,0,0,0,0,0,0,0,0,0,0,0,0,0,0,0
12/10/2022,123456,lotno,10034,0,0,0,0,0,0,0,0,0,0,0,0,0,0,0,0,0,0,0
12/10/2022,123456,lotno,10034,0,0,0,0,0,0,0,0,0,0,0,0,0,0,0,0,0,0,0
12/10/2022,123456,lotno,10034,0,0,0,0,0,0,0,0,0,0,0,0,0,0,0,0,0,0,0
12/10/2022,123456,lotno,10034,0,0,0,0,0,0,0,0,0,0,0,0,0,0,0,0,0,0,0
12/10/2022,123456,lotno,10034,0,0,0,0,0,0,0,0,0,0,0,0,0,0,0,0,0,0,0
12/10/2022,123456,lotno,10034,0,0,0,0,0,0,0,0,0,0,0,0,0,0,0,0,0,0,0
12/10/2022,123456,lotno,10034,0,0,0,0,0,0,0,0,0,0,0,0,0,0,0,0,0,0,0
12/10/2022,123456,lotno,10034,0,0,0,0,0,0,0,0,0,0,0,0,0,0,0,0,0,0,0
12/10/2022,123456,lotno,10034,0,0,0,0,0,0,0,0,0,0,0,0,0,0,0,0,0,0,0
12/10/2022,123456,lotno,10034,0,0,0,0,0,0,0,0,0,0,0,0,0,0,0,0,0,0,0
12/10/2022,123456,lotno,10034,0,0,0,0,0,0,0,0,0,0,0,0,0,0,0,0,0,0,0
12/10/2022,123456,lotno,10034,0,0,0,0,0,0,0,0,0,0,0,0,0,0,0,0,0,0,0
12/11/2022,123456,lotno,10034,0,0,0,0,0,0,0,0,0,0,0,0,0,0,0,0,0,0,0
12/11/2022,123456,lotno,10034,0,0,0,0,0,0,0,0,0,0,0,0,0,0,0,0,0,0,0
12/11/2022,123456,lotno,10034,0,0,0,0,0,0,0,0,0,0,0,0,0,0,0,0,0,0,0
12/11/2022,123456,lotno,10034,0,0,0,0,0,0,0,0,0,0,0,0,0,0,0,0,0,0,0
12/11/2022,123456,lotno,10034,0,0,0,0,0,0,0,0,0,0,0,0,0,0,0,0,0,0,0
12/11/2022,123456,lotno,10034,0,0,0,0,0,0,0,0,0,0,0,0,0,0,0,0,0,0,0
12/11/2022,123456,lotno,10034,0,0,0,0,0,0,0,0,0,0,0,0,0,0,0,0,0,0,0
12/11/2022,123456,lotno,10034,0,0,0,0,0,0,0,0,0,0,0,0,0,0,0,0,0,0,0
12/11/2022,123456,lotno,10034,0,0,0,0,0,0,0,0,0,0,0,0,0,0,0,0,0,0,0
12/11/2022,123456,lotno,10034,0,0,0,0,0,0,0,0,0,0,0,0,0,0,0,0,0,0,0
12/11/2022,123456,lotno,10034,0,0,0,0,0,0,0,0,0,0,0,0,0,0,0,0,0,0,0
12/11/2022,123456,lotno,10034,0,0,0,0,0,0,0,0,0,0,0,0,0,0,0,0,0,0,0
12/11/2022,123456,lotno,10034,0,0,0,0,0,0,0,0,0,0,0,0,0,0,0,0,0,0,0
12/11/2022,123456,lotno,10034,0,0,0,0,0,0,0,0,0,0,0,0,0,0,0,0,0,0,0
12/11/2022,123456,lotno,10034,0,0,0,0,0,0,0,0,0,0,0,0,0,0,0,0,0,0,0
12/11/2022,123456,lotno,10034,0,0,0,0,0,0,0,0,0,0,0,0,0,0,0,0,0,0,0
12/11/2022,123456,lotno,10034,0,0,0,0,0,0,0,0,0,0,0,0,0,0,0,0,0,0,0
12/11/2022,123456,lotno,10034,0,0,0,0,0,0,0,0,0,0,0,0,0,0,0,0,0,0,0
12/11/2022,123456,lotno,10034,0,0,0,0,0,0,0,0,0,0,0,0,0,0,0,0,0,0,0
12/11/2022,123456,lotno,10034,0,0,0,0,0,0,0,0,0,0,0,0,0,0,0,0,0,0,0
12/11/2022,123456,lotno,10034,0,0,0,0,0,0,0,0,0,0,0,0,0,0,0,0,0,0,0
12/11/2022,123456,lotno,10034,0,0,0,0,0,0,0,0,0,0,0,0,0,0,0,0,0,0,0
12/11/2022,123456,lotno,10034,0,0,0,0,0,0,0,0,0,0,0,0,0,0,0,0,0,0,0
12/11/2022,123456,lotno,10034,0,0,0,0,0,0,0,0,0,0,0,0,0,0,0,0,0,0,0
12/12/2022,123456,lotno,10034,0,0,0,0,0,0,0,0,0,0,0,0,0,0,0,0,0,0,0
12/12/2022,123456,lotno,10034,0,0,0,0,0,0,0,0,0,0,0,0,0,0,0,0,0,0,0
12/12/2022,123456,lotno,10034,0,0,0,0,0,0,0,0,0,0,0,0,0,0,0,0,0,0,0
12/12/2022,123456,lotno,10034,0,0,0,0,0,0,0,0,0,0,0,0,0,0,0,0,0,0,0
12/12/2022,123456,lotno,10034,0,0,0,0,0,0,0,0,0,0,0,0,0,0,0,0,0,0,0
12/12/2022,123456,lotno,10034,0,0,0,0,0,0,0,0,0,0,0,0,0,0,0,0,0,0,0
12/12/2022,123456,lotno,10034,0,0,0,0,0,0,0,0,0,0,0,0,0,0,0,0,0,0,0
12/12/2022,123456,lotno,10034,0,0,0,0,0,0,0,0,0,0,0,0,0,0,0,0,0,0,0
12/12/2022,123456,lotno,10034,0,0,0,0,0,0,0,0,0,0,0,0,0,0,0,0,0,0,0
12/12/2022,123456,lotno,10034,0,0,0,0,0,0,0,0,0,0,0,0,0,0,0,0,0,0,0
12/12/2022,123456,lotno,10034,0,0,0,0,0,0,0,0,0,0,0,0,0,0,0,0,0,0,0
12/12/2022,123456,lotno,10034,0,0,0,0,0,0,0,0,0,0,0,0,0,0,0,0,0,0,0
12/12/2022,123456,lotno,10034,0,0,0,0,0,0,0,0,0,0,0,0,0,0,0,0,0,0,0
12/12/2022,123456,lotno,10034,0,0,0,0,0,0,0,0,0,0,0,0,0,0,0,0,0,0,0
12/12/2022,123456,lotno,10034,0,0,0,0,0,0,0,0,0,0,0,0,0,0,0,0,0,0,0
12/12/2022,123456,lotno,102,102,3,1,0,1,1,1,0,2,0,1,0,100,0,1,0,0,0,0
12/12/2022,123456,lotno,319,181,1,0,1,1,1,5,0,1,0,4,0,150,0,2,0,0,0,0
12/12/2022,123456,lotno,503,184,1,0,0,2,1,1,0,0,0,1,0,135,0,0,0,0,0,0
12/12/2022,123456,lotno,715,212,5,0,0,0,0,0,0,0,0,2,0,189,0,0,0,0,0,0
12/12/2022,123456,lotno,908,193,3,0,1,0,0,0,0,0,0,0,0,156,0,0,0,0,0,0
12/12/2022,123456,lotno,1110,202,0,0,0,1,0,2,0,0,0,0,0,171,0,0,0,0,0,0
12/12/2022,123456,lotno,1327,217,0,0,0,0,0,0,0,0,0,1,0,186,0,0,0,0,0,0
12/12/2022,123456,lotno,1504,177,0,0,0,2,3,5,0,0,4,0,0,161,1,0,0,0,0,0
12/12/2022,123456,lotno,1718,214,0,0,0,0,0,0,0,0,0,0,0,180,0,0,0,0,0,0
12/13/2022,123456,lotno,1901,183,1,0,0,4,2,0,0,0,0,0,0,157,1,1,0,0,0,0
12/13/2022,123456,lotno,1901,0,1,0,0,0,0,0,0,0,0,0,0,0,0,0,0,0,0,0
12/13/2022,123456,lotno,2091,190,22,0,3,0,0,0,0,0,0,0,0,148,0,0,0,0,0,2
12/13/2022,123456,lotno,2242,151,19,0,0,0,0,1,0,0,0,3,0,136,0,0,0,0,0,0
12/13/2022,123456,lotno,2242,0,0,0,0,0,0,0,0,0,0,0,0,0,0,0,0,0,0,0
12/13/2022,123456,lotno,2242,0,0,0,0,0,0,0,0,0,0,0,0,0,0,0,0,0,0,0
12/13/2022,123456,lotno,2242,0,0,0,0,0,0,0,0,0,0,0,0,0,0,0,0,0,0,0
12/13/2022,123456,lotno,2245,3,3,0,0,0,0,0,0,0,0,0,0,0,0,0,0,0,0,0
12/13/2022,123456,lotno,2419,174,13,0,1,2,1,0,0,0,0,2,0,130,0,0,0,0,0,0
12/13/2022,123456,lotno,2623,204,9,0,1,0,0,0,0,0,0,4,0,158,0,0,0,0,0,0
12/13/2022,123456,lotno,2831,208,8,0,0,2,2,0,0,0,0,0,0,148,1,0,0,0,0,0
12/13/2022,123456,lotno,3023,192,8,0,1,0,0,0,0,0,0,0,0,141,0,0,0,0,0,2
12/13/2022,123456,lotno,3220,197,16,2,0,0,1,0,0,0,0,3,0,155,0,0,0,0,0,0
12/13/2022,123456,lotno,3434,214,5,0,0,0,0,0,0,0,0,1,0,167,0,0,0,0,0,0
12/13/2022,123456,lotno,3643,209,4,0,0,3,2,0,0,0,0,1,0,168,1,0,0,0,0,0
12/13/2022,123456,lotno,3801,158,15,0,0,3,3,0,0,0,0,3,0,123,0,0,0,0,0,0
12/13/2022,123456,lotno,4002,201,1,0,0,3,4,2,0,0,0,1,0,176,1,0,0,0,0,1
12/13/2022,123456,lotno,4193,191,4,0,0,4,2,3,0,0,0,1,0,168,0,1,0,0,0,0
12/13/2022,123456,lotno,4394,201,0,0,0,2,3,2,0,0,0,0,0,143,1,0,0,0,0,0
12/13/2022,123456,lotno,4592,198,0,0,0,0,0,0,0,0,0,0,0,161,0,0,0,0,0,0
12/13/2022,123456,lotno,4759,167,1,0,0,0,0,0,0,0,0,0,0,143,0,0,0,0,0,0
12/13/2022,123456,lotno,4832,73,34,2,2,2,3,1,0,0,0,0,0,57,1,0,0,0,0,0
12/13/2022,123456,lotno,4997,165,27,1,1,1,0,1,0,0,0,0,0,115,0,0,0,0,0,0
12/13/2022,123456,lotno,5141,144,19,1,1,0,0,1,0,0,0,1,0,100,0,0,0,0,0,0
12/14/2022,123456,lotno,5275,134,29,1,0,1,0,0,0,0,0,0,0,122,0,0,0,0,0,0
12/14/2022,123456,lotno,5466,191,7,0,0,3,2,2,0,0,0,3,0,170,1,0,0,0,0,0
12/14/2022,123456,lotno,5662,196,10,2,0,0,1,0,0,0,0,2,0,167,0,0,0,0,0,0
12/14/2022,123456,lotno,5851,189,9,0,0,0,1,1,0,0,0,1,0,175,0,0,0,0,0,0
12/14/2022,123456,lotno,6029,178,21,0,0,0,0,0,0,0,0,0,0,143,0,0,0,0,0,0
12/14/2022,123456,lotno,6122,93,14,0,1,0,0,0,0,0,0,0,0,71,0,0,0,0,0,0
12/14/2022,123456,lotno,6122,0,0,0,0,0,0,0,0,0,0,0,0,0,0,0,0,0,0,0
12/14/2022,123456,lotno,6160,38,15,0,4,6,5,1,0,0,0,0,0,17,1,0,0,0,0,0
12/14/2022,123456,lotno,6294,134,20,2,5,0,1,0,0,0,0,2,0,113,0,0,0,0,0,0
12/14/2022,123456,lotno,6482,188,5,1,1,0,1,0,0,0,0,0,0,133,0,0,0,0,0,0
12/14/2022,123456,lotno,6657,175,11,0,5,0,0,1,0,0,0,3,1,162,0,0,0,0,0,0
12/14/2022,123456,lotno,6819,162,9,0,2,0,0,2,0,0,0,0,0,148,0,0,0,0,0,0
12/14/2022,123456,lotno,6944,125,17,0,0,0,0,0,0,0,0,4,0,114,0,1,0,0,0,0
12/14/2022,123456,lotno,7107,163,10,1,0,0,0,0,0,0,0,1,1,119,0,0,0,0,0,0
12/14/2022,123456,lotno,7282,175,2,0,0,4,3,0,0,0,0,0,0,154,0,0,0,0,0,0
12/14/2022,123456,lotno,7488,206,3,0,0,0,0,3,0,0,0,1,0,184,0,0,0,0,0,0
12/14/2022,123456,lotno,7692,204,8,0,0,0,0,0,0,0,0,0,0,184,0,0,0,0,0,0
12/14/2022,123456,lotno,7894,202,1,1,0,0,0,0,0,0,0,1,0,179,0,0,0,0,0,0
12/14/2022,123456,lotno,8102,208,2,0,1,0,0,1,0,0,0,0,0,175,0,0,0,0,0,1
12/14/2022,123456,lotno,8314,212,0,0,1,0,0,0,0,0,0,0,0,173,0,0,0,0,0,0
12/14/2022,123456,lotno,8453,139,3,0,0,0,0,0,0,0,0,3,0,133,0,0,0,0,0,0
12/14/2022,123456,lotno,8653,200,0,0,0,0,0,1,0,0,0,2,0,162,0,0,0,0,0,0
12/14/2022,123456,lotno,8864,211,1,0,0,0,0,0,0,0,0,0,0,189,0,0,0,0,0,0
12/14/2022,123456,lotno,9075,211,1,0,0,0,0,0,0,0,0,0,0,187,0,0,0,0,0,0
12/15/2022,123456,lotno,9282,207,0,0,0,0,1,2,0,0,0,1,0,185,0,0,0,0,0,0
12/15/2022,123456,lotno,9453,171,0,0,0,0,0,1,0,0,0,1,0,123,0,0,0,0,0,0
12/15/2022,123456,lotno,9562,109,0,0,1,2,3,2,0,0,0,1,0,79,1,0,0,0,0,0
12/15/2022,123456,lotno,9562,0,0,0,0,0,0,0,0,0,0,0,0,0,0,0,0,0,0,0
12/15/2022,123456,lotno,9562,0,0,0,0,0,0,0,0,0,0,0,0,0,0,0,0,0,0,0
12/15/2022,123456,lotno,9579,17,1,0,1,0,0,1,0,0,0,0,0,15,0,0,0,0,0,0
12/15/2022,123456,lotno,9750,171,0,0,2,0,0,0,0,0,0,2,0,152,0,0,0,0,0,0
12/15/2022,123456,lotno,9780,30,0,0,1,0,0,0,0,0,0,0,0,24,0,0,0,0,0,0
12/15/2022,123456,lotno,9938,158,7,2,2,3,6,1,0,0,0,0,0,132,1,0,0,0,0,0
12/15/2022,123456,lotno,105,192,0,0,0,0,0,0,0,0,0,0,0,177,0,0,0,0,2,0
12/15/2022,123456,lotno,540,196,0,0,0,1,0,0,0,0,0,4,0,177,0,0,0,0,0,0
12/15/2022,123456,lotno,755,215,0,0,0,0,1,0,0,0,0,2,0,196,0,0,0,0,0,0
12/15/2022,123456,lotno,958,203,1,0,0,0,1,2,0,0,0,4,0,182,0,0,0,0,0,0
12/15/2022,123456,lotno,1110,152,0,0,0,13,12,3,0,0,0,0,0,144,3,4,1,0,0,0
12/15/2022,123456,lotno,1301,191,0,0,0,1,4,5,0,0,0,2,0,177,0,0,0,0,0,0
12/15/2022,123456,lotno,1513,212,1,0,0,0,0,1,0,0,0,3,0,196,0,0,0,0,0,0
12/15/2022,123456,lotno,1697,184,0,0,0,3,2,3,0,0,0,4,0,171,1,0,0,0,0,0
12/15/2022,123456,lotno,1913,216,0,0,0,0,0,0,0,0,0,1,0,208,0,0,0,0,0,0
12/15/2022,123456,lotno,2082,169,6,1,0,0,0,2,0,0,0,3,0,160,0,0,0,0,3,0
12/15/2022,123456,lotno,2297,215,0,1,0,0,0,0,0,0,0,1,0,198,0,0,0,0,0,0
12/15/2022,123456,lotno,2513,216,0,0,0,0,0,1,0,0,0,1,0,198,0,0,0,0,0,0
12/15/2022,123456,lotno,2727,214,1,0,0,0,0,1,0,0,0,0,0,203,0,0,0,0,0,0
12/16/2022,123456,lotno,2937,210,1,0,0,0,1,3,0,0,0,2,0,196,0,0,0,0,0,0
12/16/2022,123456,lotno,3146,209,2,3,0,0,0,0,0,0,0,4,0,169,0,0,0,0,2,0
12/16/2022,123456,lotno,3355,209,0,1,0,0,0,1,0,0,0,2,0,178,0,0,0,0,0,0
12/16/2022,123456,lotno,3557,202,0,0,0,1,0,0,0,0,0,2,0,180,0,0,1,0,0,0
12/16/2022,123456,lotno,3761,204,0,1,0,0,0,1,0,0,0,3,0,180,0,0,0,0,0,0
12/16/2022,123456,lotno,3965,204,0,0,0,0,0,0,0,0,0,1,0,196,0,0,0,0,0,0
12/16/2022,123456,lotno,4095,130,0,0,0,0,0,0,0,0,0,1,0,121,0,0,0,0,1,0
12/16/2022,123456,lotno,4168,73,0,0,0,0,0,0,0,0,0,0,0,70,0,0,0,0,0,0
12/16/2022,123456,lotno,4364,196,1,0,0,0,0,0,0,0,0,1,1,184,0,0,0,0,0,0
12/16/2022,123456,lotno,4568,204,12,0,0,0,0,2,0,0,0,1,0,188,0,0,0,0,0,0
12/16/2022,123456,lotno,4778,210,2,0,0,0,0,0,0,0,0,3,0,187,0,1,0,0,0,0
12/16/2022,123456,lotno,4996,218,0,0,0,0,0,1,0,0,0,0,0,194,0,0,0,0,0,0
12/16/2022,123456,lotno,5199,203,3,0,0,1,2,1,0,0,0,2,0,201,0,0,0,0,2,0
12/16/2022,123456,lotno,5364,165,3,1,0,0,2,5,0,0,0,10,0,144,0,0,0,0,0,0
12/16/2022,123456,lotno,5566,202,0,0,0,0,0,3,0,0,0,5,0,188,0,0,0,0,0,0
12/16/2022,123456,lotno,5764,198,0,0,0,0,0,3,0,0,0,4,0,185,0,0,0,0,0,0
12/16/2022,123456,lotno,5956,192,1,0,0,3,3,0,0,0,0,1,0,177,1,0,0,0,0,0
12/16/2022,123456,lotno,6137,181,0,0,0,1,0,0,0,0,0,1,0,157,0,0,0,0,11,0
12/16/2022,123456,lotno,6292,155,0,0,0,3,2,1,0,0,0,5,0,151,1,0,0,0,0,0
12/16/2022,123456,lotno,6424,132,1,2,0,4,6,3,0,0,0,7,0,129,2,0,0,0,0,0
12/16/2022,123456,lotno,6625,201,4,0,0,0,1,1,0,0,0,11,0,199,0,0,0,0,0,0
12/16/2022,123456,lotno,6829,204,0,0,0,0,1,0,0,0,0,12,0,180,0,0,0,0,0,0
12/16/2022,123456,lotno,7039,210,0,0,0,0,0,3,0,0,0,6,0,202,0,0,0,0,18,0
12/16/2022,123456,lotno,7239,200,1,1,0,0,0,3,0,0,0,2,0,181,0,0,0,0,0,0
12/17/2022,123456,lotno,7455,216,0,0,0,0,0,0,0,0,0,2,0,194,0,0,0,0,0,0
12/17/2022,123456,lotno,7617,162,0,0,0,0,0,1,0,0,0,3,0,144,0,0,0,0,0,0
12/17/2022,123456,lotno,7827,210,0,0,0,0,0,1,0,0,0,5,0,199,0,0,0,0,0,0
12/17/2022,123456,lotno,7845,18,0,0,0,0,0,1,0,0,0,0,0,18,0,0,0,0,0,0
12/17/2022,123456,lotno,7845,0,0,0,0,0,0,0,0,0,0,0,0,0,0,0,0,0,0,0
12/17/2022,123456,lotno,7845,0,0,0,0,0,0,0,0,0,0,0,0,0,0,0,0,0,0,0
12/17/2022,123456,lotno,7845,0,0,0,0,0,0,0,0,0,0,0,0,0,0,0,0,0,0,0
12/17/2022,123456,lotno,8006,161,2,0,0,3,3,1,0,0,0,1,0,141,1,0,0,0,6,0
12/17/2022,123456,lotno,8211,205,0,0,0,0,0,2,0,0,0,5,0,188,0,0,0,0,0,0
12/17/2022,123456,lotno,8408,197,1,0,0,1,1,0,0,0,0,6,0,177,0,0,0,0,0,0
12/17/2022,123456,lotno,8623,215,0,0,0,0,0,1,0,0,0,1,0,186,0,0,0,0,0,0
12/17/2022,123456,lotno,8681,58,0,0,0,1,1,0,0,0,0,0,0,56,0,0,0,0,0,0
12/17/2022,123456,lotno,8681,0,0,0,0,0,0,0,0,0,0,0,0,0,0,0,0,0,0,0
12/17/2022,123456,lotno,8681,0,0,0,0,0,0,0,0,0,0,0,0,0,0,0,0,0,0,0
12/17/2022,123456,lotno,8681,0,0,0,0,0,0,0,0,0,0,0,0,0,0,0,0,0,0,0
12/17/2022,123456,lotno,8681,0,0,0,0,0,0,0,0,0,0,0,0,0,0,0,0,0,0,0
12/17/2022,123456,lotno,8681,0,0,0,0,0,0,0,0,0,0,0,0,0,0,0,0,0,0,0
12/17/2022,123456,lotno,8681,0,0,0,0,0,0,0,0,0,0,0,0,0,0,0,0,0,0,0
12/17/2022,123456,lotno,8681,0,0,0,0,0,0,0,0,0,0,0,0,0,0,0,0,0,0,0
12/17/2022,123456,lotno,8681,0,0,0,0,0,0,0,0,0,0,0,0,0,0,0,0,0,0,0
12/17/2022,123456,lotno,8681,0,0,0,0,0,0,0,0,0,0,0,0,0,0,0,0,0,0,0
12/17/2022,123456,lotno,8681,0,0,0,0,0,0,0,0,0,0,0,0,0,0,0,0,0,0,0
12/17/2022,123456,lotno,8681,0,0,0,0,0,0,0,0,0,0,0,0,0,0,0,0,0,0,0
12/17/2022,123456,lotno,8681,0,0,0,0,0,0,0,0,0,0,0,0,0,0,0,0,0,0,0
12/18/2022,123456,lotno,8681,0,0,0,0,0,0,0,0,0,0,0,0,0,0,0,0,0,0,0
12/18/2022,123456,lotno,8681,0,0,0,0,0,0,0,0,0,0,0,0,0,0,0,0,0,0,0
12/18/2022,123456,lotno,8681,0,0,0,0,0,0,0,0,0,0,0,0,0,0,0,0,0,0,0
12/18/2022,123456,lotno,8681,0,0,0,0,0,0,0,0,0,0,0,0,0,0,0,0,0,0,0
12/18/2022,123456,lotno,8681,0,0,0,0,0,0,0,0,0,0,0,0,0,0,0,0,0,0,0
12/18/2022,123456,lotno,8681,0,0,0,0,0,0,0,0,0,0,0,0,0,0,0,0,0,0,0
12/18/2022,123456,lotno,8681,0,0,0,0,0,0,0,0,0,0,0,0,0,0,0,0,0,0,0
12/18/2022,123456,lotno,8681,0,0,0,0,0,0,0,0,0,0,0,0,0,0,0,0,0,0,0
12/18/2022,123456,lotno,8681,0,0,0,0,0,0,0,0,0,0,0,0,0,0,0,0,0,0,0
12/18/2022,123456,lotno,8681,0,0,0,0,0,0,0,0,0,0,0,0,0,0,0,0,0,0,0
12/18/2022,123456,lotno,8681,0,0,0,0,0,0,0,0,0,0,0,0,0,0,0,0,0,0,0
12/18/2022,123456,lotno,8681,0,0,0,0,0,0,0,0,0,0,0,0,0,0,0,0,0,0,0
12/18/2022,123456,lotno,8681,0,0,0,0,0,0,0,0,0,0,0,0,0,0,0,0,0,0,0
12/18/2022,123456,lotno,8681,0,0,0,0,0,0,0,0,0,0,0,0,0,0,0,0,0,0,0
12/18/2022,123456,lotno,8681,0,0,0,0,0,0,0,0,0,0,0,0,0,0,0,0,0,0,0
12/18/2022,123456,lotno,8681,0,0,0,0,0,0,0,0,0,0,0,0,0,0,0,0,0,0,0
12/18/2022,123456,lotno,8681,0,0,0,0,0,0,0,0,0,0,0,0,0,0,0,0,0,0,0
12/18/2022,123456,lotno,8681,0,0,0,0,0,0,0,0,0,0,0,0,0,0,0,0,0,0,0
12/18/2022,123456,lotno,8681,0,0,0,0,0,0,0,0,0,0,0,0,0,0,0,0,0,0,0
12/18/2022,123456,lotno,8681,0,0,0,0,0,0,0,0,0,0,0,0,0,0,0,0,0,0,0
12/18/2022,123456,lotno,8681,0,0,0,0,0,0,0,0,0,0,0,0,0,0,0,0,0,0,0
12/18/2022,123456,lotno,8681,0,0,0,0,0,0,0,0,0,0,0,0,0,0,0,0,0,0,0
12/18/2022,123456,lotno,8681,0,0,0,0,0,0,0,0,0,0,0,0,0,0,0,0,0,0,0
12/18/2022,123456,lotno,8681,0,0,0,0,0,0,0,0,0,0,0,0,0,0,0,0,0,0,0
12/19/2022,123456,lotno,8681,0,0,0,0,0,0,0,0,0,0,0,0,0,0,0,0,0,0,0
12/19/2022,123456,lotno,8681,0,0,0,0,0,0,0,0,0,0,0,0,0,0,0,0,0,0,0
12/19/2022,123456,lotno,8681,0,0,0,0,0,0,0,0,0,0,0,0,0,0,0,0,0,0,0
12/19/2022,123456,lotno,8681,0,0,0,0,0,0,0,0,0,0,0,0,0,0,0,0,0,0,0
12/19/2022,123456,lotno,8681,0,0,0,0,0,0,0,0,0,0,0,0,0,0,0,0,0,0,0
12/19/2022,123456,lotno,8681,0,0,0,0,0,0,0,0,0,0,0,0,0,0,0,0,0,0,0
12/19/2022,123456,lotno,8681,0,0,0,0,0,0,0,0,0,0,0,0,0,0,0,0,0,0,0
12/19/2022,123456,lotno,8681,0,0,0,0,0,0,0,0,0,0,0,0,0,0,0,0,0,0,0
12/19/2022,123456,lotno,8882,201,1,0,0,1,2,1,0,0,0,2,0,167,0,0,0,0,0,0
12/19/2022,123456,lotno,8883,1,0,0,0,0,0,0,0,0,0,0,0,0,0,0,0,0,0,0
12/19/2022,123456,lotno,9021,138,0,0,0,0,0,0,0,0,0,0,0,115,0,0,0,0,3,0
12/19/2022,123456,lotno,9234,213,0,0,0,0,0,0,0,0,0,1,0,197,0,0,0,0,0,0
12/19/2022,123456,lotno,9451,217,0,0,0,1,0,1,0,0,0,0,0,188,0,0,0,0,0,0
12/19/2022,123456,lotno,9654,203,1,1,0,0,1,2,0,0,0,0,0,158,0,0,0,0,0,0
12/19/2022,123456,lotno,9834,180,0,1,1,3,2,0,0,0,0,1,0,163,0,0,0,0,0,0
12/19/2022,123456,lotno,10006,172,0,1,0,1,0,0,0,0,0,5,0,145,0,0,0,0,2,0
12/19/2022,123456,lotno,10026,20,0,0,0,0,0,0,0,0,0,4,0,11,0,0,0,0,0,0
12/19/2022,123456,lotno,10026,0,0,0,0,0,0,0,0,0,0,0,0,0,0,0,0,0,0,0
12/19/2022,123456,lotno,10026,0,0,0,0,0,0,0,0,0,0,0,0,0,0,0,0,0,0,0
12/19/2022,123456,lotno,10026,0,0,0,0,0,0,0,0,0,0,0,0,0,0,0,0,0,0,0
12/19/2022,123456,lotno,10026,0,0,0,0,0,0,0,0,0,0,0,0,0,0,0,0,0,0,0
12/19/2022,123456,lotno,10026,0,0,0,0,0,0,0,0,0,0,0,0,0,0,0,0,0,0,0
12/19/2022,123456,lotno,10026,0,0,0,0,0,0,0,0,0,0,0,0,0,0,0,0,0,0,0
12/19/2022,123456,lotno,10026,0,0,0,0,0,0,0,0,0,0,0,0,0,0,0,0,0,0,0
12/20/2022,123456,lotno,10026,0,0,0,0,0,0,0,0,0,0,0,0,0,0,0,0,0,0,0
12/20/2022,123456,lotno,10026,0,0,0,0,0,0,0,0,0,0,0,0,0,0,0,0,0,0,0
12/20/2022,123456,lotno,10026,0,0,0,0,0,0,0,0,0,0,0,0,0,0,0,0,0,0,0
12/20/2022,123456,lotno,10026,0,0,0,0,0,0,0,0,0,0,0,0,0,0,0,0,0,0,0
12/20/2022,123456,lotno,10026,0,0,0,0,0,0,0,0,0,0,0,0,0,0,0,0,0,0,0
12/20/2022,123456,lotno,10026,0,0,0,0,0,0,0,0,0,0,0,0,0,0,0,0,0,0,0
12/20/2022,123456,lotno,10026,0,0,0,0,0,0,0,0,0,0,0,0,0,0,0,0,0,0,0
12/20/2022,123456,lotno,10026,0,0,0,0,0,0,0,0,0,0,0,0,0,0,0,0,0,0,0
12/20/2022,123456,lotno,10026,0,0,0,0,0,0,0,0,0,0,0,0,0,0,0,0,0,0,0
12/20/2022,123456,lotno,10026,0,0,0,0,0,0,0,0,0,0,0,0,0,0,0,0,0,0,0
12/20/2022,123456,lotno,10026,0,0,0,0,0,0,0,0,0,0,0,0,0,0,0,0,0,0,0
12/20/2022,123456,lotno,10026,0,0,0,0,0,0,0,0,0,0,0,0,0,0,0,0,0,0,0
12/20/2022,123456,lotno,10026,0,0,0,0,0,0,0,0,0,0,0,0,0,0,0,0,0,0,0
12/20/2022,123456,lotno,10026,0,0,0,0,0,0,0,0,0,0,0,0,0,0,0,0,0,0,0
12/20/2022,123456,lotno,10026,0,0,0,0,0,0,0,0,0,0,0,0,0,0,0,0,0,0,0
12/20/2022,123456,lotno,10026,0,0,0,0,0,0,0,0,0,0,0,0,0,0,0,0,0,0,0
12/20/2022,123456,lotno,10026,0,0,0,0,0,0,0,0,0,0,0,0,0,0,0,0,0,0,0
12/20/2022,123456,lotno,10026,0,0,0,0,0,0,0,0,0,0,0,0,0,0,0,0,0,0,0
12/20/2022,123456,lotno,10026,0,0,0,0,0,0,0,0,0,0,0,0,0,0,0,0,0,0,0
12/20/2022,123456,lotno,10026,0,0,0,0,0,0,0,0,0,0,0,0,0,0,0,0,0,0,0
12/20/2022,123456,lotno,10026,0,0,0,0,0,0,0,0,0,0,0,0,0,0,0,0,0,0,0
12/20/2022,123456,lotno,10026,0,0,0,0,0,0,0,0,0,0,0,0,0,0,0,0,0,0,0
12/20/2022,123456,lotno,10026,0,0,0,0,0,0,0,0,0,0,0,0,0,0,0,0,0,0,0
12/20/2022,123456,lotno,10026,0,0,0,0,0,0,0,0,0,0,0,0,0,0,0,0,0,0,0
12/21/2022,123456,lotno,10026,0,0,0,0,0,0,0,0,0,0,0,0,0,0,0,0,0,0,0
12/21/2022,123456,lotno,10026,0,0,0,0,0,0,0,0,0,0,0,0,0,0,0,0,0,0,0
12/21/2022,123456,lotno,10026,0,0,0,0,0,0,0,0,0,0,0,0,0,0,0,0,0,0,0
12/21/2022,123456,lotno,10026,0,0,0,0,0,0,0,0,0,0,0,0,0,0,0,0,0,0,0
12/21/2022,123456,lotno,10026,0,0,0,0,0,0,0,0,0,0,0,0,0,0,0,0,0,0,0
12/21/2022,123456,lotno,10026,0,0,0,0,0,0,0,0,0,0,0,0,0,0,0,0,0,0,0
12/21/2022,123456,lotno,10026,0,0,0,0,0,0,0,0,0,0,0,0,0,0,0,0,0,0,0
12/21/2022,123456,lotno,10026,0,0,0,0,0,0,0,0,0,0,0,0,0,0,0,0,0,0,0
12/21/2022,123456,lotno,10026,0,0,0,0,0,0,0,0,0,0,0,0,0,0,0,0,0,0,0
12/21/2022,123456,lotno,10026,0,0,0,0,0,0,0,0,0,0,0,0,0,0,0,0,0,0,0
12/21/2022,123456,lotno,10026,0,0,0,0,0,0,0,0,0,0,0,0,0,0,0,0,0,0,0
12/21/2022,123456,lotno,10026,0,0,0,0,0,0,0,0,0,0,0,0,0,0,0,0,0,0,0
12/21/2022,123456,lotno,120,120,2,0,0,0,0,2,0,0,0,1,0,89,0,0,0,0,0,0
12/21/2022,123456,lotno,251,131,0,0,0,1,0,1,0,0,0,2,0,115,0,0,0,0,0,0
12/21/2022,123456,lotno,459,208,0,0,0,2,2,0,0,0,0,1,0,183,0,0,0,0,0,0
12/21/2022,123456,lotno,662,203,0,0,0,3,3,2,0,0,0,1,0,189,0,2,0,0,0,0
12/21/2022,123456,lotno,876,214,0,0,0,0,0,2,0,0,0,2,0,206,0,0,0,0,0,0
12/21/2022,123456,lotno,1091,215,1,0,0,0,0,1,0,0,0,3,0,181,0,0,0,0,0,0
12/21/2022,123456,lotno,1283,192,0,0,0,3,3,1,0,0,0,5,0,120,1,0,0,0,0,0
12/21/2022,123456,lotno,1492,209,0,2,0,0,0,1,0,0,0,5,0,183,0,0,0,0,0,0
12/21/2022,123456,lotno,1660,168,2,0,0,2,3,1,0,0,0,5,0,155,1,0,0,0,0,0
12/21/2022,123456,lotno,1757,97,0,0,0,0,0,0,0,0,0,3,0,82,0,0,0,0,0,0
12/21/2022,123456,lotno,1928,171,1,0,0,0,1,1,0,0,0,1,0,138,0,0,0,0,0,0
12/21/2022,123456,lotno,2106,178,1,0,0,2,4,2,0,0,0,2,0,140,1,0,0,0,10,0
12/22/2022,123456,lotno,2324,218,0,0,0,0,0,0,0,0,0,0,0,175,0,0,0,0,0,0
12/22/2022,123456,lotno,2513,189,2,0,0,2,4,0,0,0,0,0,0,161,1,0,0,0,0,0
12/22/2022,123456,lotno,2722,209,1,1,0,0,0,1,0,0,0,1,0,160,0,0,0,0,0,0
12/22/2022,123456,lotno,2937,215,0,0,0,0,0,2,0,0,0,0,0,208,0,0,0,0,0,0
12/22/2022,123456,lotno,3152,215,0,0,0,0,1,1,0,0,0,0,0,198,0,1,0,0,2,0
12/22/2022,123456,lotno,3367,215,1,0,0,0,0,3,0,0,0,0,0,202,0,0,0,0,0,0
12/22/2022,123456,lotno,3581,214,0,0,0,0,0,3,0,0,0,2,0,204,0,0,0,0,0,0
12/22/2022,123456,lotno,3791,210,0,2,0,0,0,0,0,0,0,0,0,181,0,0,0,0,0,0
12/22/2022,123456,lotno,3986,195,0,0,0,0,0,1,0,0,0,0,0,183,0,1,0,0,0,0
12/22/2022,123456,lotno,4181,195,0,0,0,3,2,0,0,0,0,0,0,179,0,0,0,0,0,0
12/22/2022,123456,lotno,4386,205,0,0,0,1,1,0,0,0,0,0,0,193,1,0,0,0,0,0
12/22/2022,123456,lotno,4593,207,0,0,1,0,0,0,0,0,0,1,0,194,0,0,0,0,0,0
12/22/2022,123456,lotno,4809,216,0,0,0,0,0,1,0,0,0,1,0,190,0,0,0,0,0,0
12/22/2022,123456,lotno,5022,213,1,0,0,0,1,0,0,0,0,0,0,192,0,0,0,0,0,0
12/22/2022,123456,lotno,5176,154,4,1,6,1,0,0,0,0,0,0,0,138,0,0,0,0,0,0
12/22/2022,123456,lotno,5391,215,0,0,0,0,0,1,0,0,0,3,0,189,0,0,0,0,0,0
12/22/2022,123456,lotno,5587,196,2,1,0,0,1,2,0,0,0,2,0,183,0,0,0,0,0,0
12/22/2022,123456,lotno,5795,208,2,0,0,0,0,1,0,0,0,0,0,186,0,0,0,0,0,0
12/22/2022,123456,lotno,6005,210,2,0,0,0,0,0,0,0,0,1,0,198,0,0,0,0,3,0
12/22/2022,123456,lotno,6216,211,2,0,0,0,0,1,0,0,0,3,0,185,0,0,0,0,0,0
12/22/2022,123456,lotno,6399,183,0,0,0,3,3,0,0,0,0,4,0,144,1,0,0,0,0,0
12/22/2022,123456,lotno,6613,214,0,0,0,0,1,1,0,0,0,4,0,169,0,0,0,0,0,0
12/22/2022,123456,lotno,6821,208,1,0,0,1,0,2,0,0,0,2,0,186,0,0,0,0,0,0
12/22/2022,123456,lotno,7018,197,1,0,0,0,0,3,0,0,0,3,0,167,0,0,0,0,8,0
12/23/2022,123456,lotno,7232,214,1,0,0,0,0,1,0,0,0,4,0,170,0,0,0,0,0,0
12/23/2022,123456,lotno,7446,214,0,0,1,0,0,1,0,0,0,1,0,193,0,0,0,0,0,0
12/23/2022,123456,lotno,7650,204,3,0,0,0,0,0,0,0,0,2,0,177,0,0,0,0,0,0
12/23/2022,123456,lotno,7866,216,0,0,0,0,0,0,0,0,0,1,0,185,0,0,0,0,0,0
12/23/2022,123456,lotno,8081,215,0,0,0,0,0,0,0,0,0,2,0,176,0,0,0,0,5,0
12/23/2022,123456,lotno,8293,212,0,0,0,0,1,1,0,0,0,4,0,174,0,0,0,0,0,0
12/23/2022,123456,lotno,8357,64,4,0,0,0,0,0,0,0,0,0,0,60,0,0,0,0,0,0
12/23/2022,123456,lotno,8405,48,3,0,0,0,0,0,0,0,0,2,0,48,0,0,0,0,0,0
12/23/2022,123456,lotno,8597,192,1,1,0,3,3,0,0,0,0,5,0,173,0,4,0,0,0,0
12/23/2022,123456,lotno,8806,209,2,0,0,3,2,1,0,0,0,1,0,199,1,0,0,0,0,0
12/23/2022,123456,lotno,9009,203,2,1,0,0,0,0,0,0,0,1,0,169,0,0,0,0,6,0
12/23/2022,123456,lotno,9153,144,0,2,1,1,6,0,0,1,0,4,0,127,0,6,0,0,0,0
12/23/2022,123456,lotno,9438,199,0,0,0,0,0,0,0,0,0,1,0,185,0,0,0,0,0,0
12/23/2022,123456,lotno,9638,200,0,0,0,0,1,1,0,0,0,0,0,166,0,0,0,0,0,0
12/23/2022,123456,lotno,9838,200,0,0,0,0,1,0,0,0,0,0,0,144,0,0,0,0,0,0
12/23/2022,123456,lotno,10029,191,0,1,3,3,3,3,0,0,0,0,0,164,1,0,0,0,0,0
12/23/2022,123456,lotno,204,205,0,0,0,0,0,1,0,0,0,0,0,159,0,0,0,0,0,0
12/23/2022,123456,lotno,423,219,0,0,0,0,0,1,0,0,0,1,0,150,0,0,0,0,0,0
12/23/2022,123456,lotno,625,202,0,0,0,3,2,0,0,0,0,0,0,150,1,0,0,0,0,0
12/23/2022,123456,lotno,821,196,2,0,0,4,3,0,0,0,0,1,0,135,1,0,0,0,0,0
12/23/2022,123456,lotno,1019,198,0,0,0,2,3,3,0,0,0,0,0,138,1,0,0,0,0,0
12/23/2022,123456,lotno,1226,207,7,0,0,0,0,0,0,0,0,1,1,135,0,0,0,0,0,0
12/23/2022,123456,lotno,1436,210,0,0,0,3,4,0,0,0,0,3,0,176,1,0,0,0,0,0
12/23/2022,123456,lotno,1651,215,0,0,0,0,0,2,0,0,0,1,0,199,0,0,0,0,0,0
12/24/2022,123456,lotno,1868,217,2,0,0,0,0,0,0,0,0,2,0,146,0,0,0,0,0,0
12/24/2022,123456,lotno,2082,214,1,0,0,0,0,1,0,0,0,4,0,156,0,0,0,0,0,0
12/24/2022,123456,lotno,2172,90,0,0,0,0,0,0,0,1,0,1,0,52,0,0,0,0,0,0
12/24/2022,123456,lotno,2172,0,0,0,0,0,0,0,0,0,0,0,0,0,0,0,0,0,0,0
12/24/2022,123456,lotno,2172,0,0,0,0,0,0,0,0,0,0,0,0,0,0,0,0,0,0,0
12/24/2022,123456,lotno,2172,0,0,0,0,0,0,0,0,0,0,0,0,0,0,0,0,0,0,0
12/24/2022,123456,lotno,2172,0,0,0,0,0,0,0,0,0,0,0,0,0,0,0,0,0,0,0
12/24/2022,123456,lotno,2172,0,0,0,0,0,0,0,0,0,0,0,0,0,0,0,0,0,0,0
12/24/2022,123456,lotno,2172,0,0,0,0,0,0,0,0,0,0,0,0,0,0,0,0,0,0,0
12/24/2022,123456,lotno,2172,0,0,0,0,0,0,0,0,0,0,0,0,0,0,0,0,0,0,0
12/24/2022,123456,lotno,2172,0,0,0,0,0,0,0,0,0,0,0,0,0,0,0,0,0,0,0
12/24/2022,123456,lotno,2172,0,0,0,0,0,0,0,0,0,0,0,0,0,0,0,0,0,0,0
12/24/2022,123456,lotno,2172,0,0,0,0,0,0,0,0,0,0,0,0,0,0,0,0,0,0,0
12/24/2022,123456,lotno,2172,0,0,0,0,0,0,0,0,0,0,0,0,0,0,0,0,0,0,0
12/24/2022,123456,lotno,2172,0,0,0,0,0,0,0,0,0,0,0,0,0,0,0,0,0,0,0
12/24/2022,123456,lotno,2172,0,0,0,0,0,0,0,0,0,0,0,0,0,0,0,0,0,0,0
12/24/2022,123456,lotno,2172,0,0,0,0,0,0,0,0,0,0,0,0,0,0,0,0,0,0,0
12/24/2022,123456,lotno,2172,0,0,0,0,0,0,0,0,0,0,0,0,0,0,0,0,0,0,0
12/24/2022,123456,lotno,2172,0,0,0,0,0,0,0,0,0,0,0,0,0,0,0,0,0,0,0
12/24/2022,123456,lotno,2172,0,0,0,0,0,0,0,0,0,0,0,0,0,0,0,0,0,0,0
12/24/2022,123456,lotno,2172,0,0,0,0,0,0,0,0,0,0,0,0,0,0,0,0,0,0,0
12/24/2022,123456,lotno,2172,0,0,0,0,0,0,0,0,0,0,0,0,0,0,0,0,0,0,0
12/24/2022,123456,lotno,2172,0,0,0,0,0,0,0,0,0,0,0,0,0,0,0,0,0,0,0
12/24/2022,123456,lotno,2172,0,0,0,0,0,0,0,0,0,0,0,0,0,0,0,0,0,0,0
12/25/2022,123456,lotno,2172,0,0,0,0,0,0,0,0,0,0,0,0,0,0,0,0,0,0,0
12/25/2022,123456,lotno,2172,0,0,0,0,0,0,0,0,0,0,0,0,0,0,0,0,0,0,0
12/25/2022,123456,lotno,2172,0,0,0,0,0,0,0,0,0,0,0,0,0,0,0,0,0,0,0
12/25/2022,123456,lotno,2172,0,0,0,0,0,0,0,0,0,0,0,0,0,0,0,0,0,0,0
12/25/2022,123456,lotno,2172,0,0,0,0,0,0,0,0,0,0,0,0,0,0,0,0,0,0,0
12/25/2022,123456,lotno,2172,0,0,0,0,0,0,0,0,0,0,0,0,0,0,0,0,0,0,0
12/25/2022,123456,lotno,2172,0,0,0,0,0,0,0,0,0,0,0,0,0,0,0,0,0,0,0
12/25/2022,123456,lotno,2172,0,0,0,0,0,0,0,0,0,0,0,0,0,0,0,0,0,0,0
12/25/2022,123456,lotno,2172,0,0,0,0,0,0,0,0,0,0,0,0,0,0,0,0,0,0,0
12/25/2022,123456,lotno,2172,0,0,0,0,0,0,0,0,0,0,0,0,0,0,0,0,0,0,0
12/25/2022,123456,lotno,2172,0,0,0,0,0,0,0,0,0,0,0,0,0,0,0,0,0,0,0
12/25/2022,123456,lotno,2172,0,0,0,0,0,0,0,0,0,0,0,0,0,0,0,0,0,0,0
12/25/2022,123456,lotno,2172,0,0,0,0,0,0,0,0,0,0,0,0,0,0,0,0,0,0,0
12/25/2022,123456,lotno,2172,0,0,0,0,0,0,0,0,0,0,0,0,0,0,0,0,0,0,0
12/25/2022,123456,lotno,2172,0,0,0,0,0,0,0,0,0,0,0,0,0,0,0,0,0,0,0
12/25/2022,123456,lotno,2172,0,0,0,0,0,0,0,0,0,0,0,0,0,0,0,0,0,0,0
12/25/2022,123456,lotno,2172,0,0,0,0,0,0,0,0,0,0,0,0,0,0,0,0,0,0,0
12/25/2022,123456,lotno,2172,0,0,0,0,0,0,0,0,0,0,0,0,0,0,0,0,0,0,0
12/25/2022,123456,lotno,2172,0,0,0,0,0,0,0,0,0,0,0,0,0,0,0,0,0,0,0
12/25/2022,123456,lotno,2172,0,0,0,0,0,0,0,0,0,0,0,0,0,0,0,0,0,0,0
12/25/2022,123456,lotno,2172,0,0,0,0,0,0,0,0,0,0,0,0,0,0,0,0,0,0,0
12/25/2022,123456,lotno,2172,0,0,0,0,0,0,0,0,0,0,0,0,0,0,0,0,0,0,0
12/25/2022,123456,lotno,2172,0,0,0,0,0,0,0,0,0,0,0,0,0,0,0,0,0,0,0
12/25/2022,123456,lotno,2172,0,0,0,0,0,0,0,0,0,0,0,0,0,0,0,0,0,0,0
12/26/2022,123456,lotno,2172,0,0,0,0,0,0,0,0,0,0,0,0,0,0,0,0,0,0,0
12/26/2022,123456,lotno,2172,0,0,0,0,0,0,0,0,0,0,0,0,0,0,0,0,0,0,0
12/26/2022,123456,lotno,2172,0,0,0,0,0,0,0,0,0,0,0,0,0,0,0,0,0,0,0
12/26/2022,123456,lotno,2172,0,0,0,0,0,0,0,0,0,0,0,0,0,0,0,0,0,0,0
12/26/2022,123456,lotno,2172,0,0,0,0,0,0,0,0,0,0,0,0,0,0,0,0,0,0,0
12/26/2022,123456,lotno,2172,0,0,0,0,0,0,0,0,0,0,0,0,0,0,0,0,0,0,0
12/26/2022,123456,lotno,2172,0,0,0,0,0,0,0,0,0,0,0,0,0,0,0,0,0,0,0
12/26/2022,123456,lotno,2172,0,0,0,0,0,0,0,0,0,0,0,0,0,0,0,0,0,0,0
12/26/2022,123456,lotno,2172,0,0,0,0,0,0,0,0,0,0,0,0,0,0,0,0,0,0,0
12/26/2022,123456,lotno,2172,0,0,0,0,0,0,0,0,0,0,0,0,0,0,0,0,0,0,0
12/26/2022,123456,lotno,2172,0,0,0,0,0,0,0,0,0,0,0,0,0,0,0,0,0,0,0
12/26/2022,123456,lotno,2172,0,0,0,0,0,0,0,0,0,0,0,0,0,0,0,0,0,0,0
12/26/2022,123456,lotno,2172,0,0,0,0,0,0,0,0,0,0,0,0,0,0,0,0,0,0,0
12/26/2022,123456,lotno,2172,0,0,0,0,0,0,0,0,0,0,0,0,0,0,0,0,0,0,0
12/26/2022,123456,lotno,2172,0,0,0,0,0,0,0,0,0,0,0,0,0,0,0,0,0,0,0
12/26/2022,123456,lotno,2172,0,0,0,0,0,0,0,0,0,0,0,0,0,0,0,0,0,0,0
12/26/2022,123456,lotno,2172,0,0,0,0,0,0,0,0,0,0,0,0,0,0,0,0,0,0,0
12/26/2022,123456,lotno,2172,0,0,0,0,0,0,0,0,0,0,0,0,0,0,0,0,0,0,0
12/26/2022,123456,lotno,2172,0,0,0,0,0,0,0,0,0,0,0,0,0,0,0,0,0,0,0
12/26/2022,123456,lotno,2172,0,0,0,0,0,0,0,0,0,0,0,0,0,0,0,0,0,0,0
12/26/2022,123456,lotno,2172,0,0,0,0,0,0,0,0,0,0,0,0,0,0,0,0,0,0,0
12/26/2022,123456,lotno,2172,0,0,0,0,0,0,0,0,0,0,0,0,0,0,0,0,0,0,0
12/26/2022,123456,lotno,2172,0,0,0,0,0,0,0,0,0,0,0,0,0,0,0,0,0,0,0
12/26/2022,123456,lotno,2172,0,0,0,0,0,0,0,0,0,0,0,0,0,0,0,0,0,0,0
12/27/2022,123456,lotno,2172,0,0,0,0,0,0,0,0,0,0,0,0,0,0,0,0,0,0,0
12/27/2022,123456,lotno,2172,0,0,0,0,0,0,0,0,0,0,0,0,0,0,0,0,0,0,0
12/27/2022,123456,lotno,2172,0,0,0,0,0,0,0,0,0,0,0,0,0,0,0,0,0,0,0
12/27/2022,123456,lotno,2172,0,0,0,0,0,0,0,0,0,0,0,0,0,0,0,0,0,0,0
12/27/2022,123456,lotno,2172,0,0,0,0,0,0,0,0,0,0,0,0,0,0,0,0,0,0,0
12/27/2022,123456,lotno,2172,0,0,0,0,0,0,0,0,0,0,0,0,0,0,0,0,0,0,0
12/27/2022,123456,lotno,2172,0,0,0,0,0,0,0,0,0,0,0,0,0,0,0,0,0,0,0
12/27/2022,123456,lotno,2172,0,0,0,0,0,0,0,0,0,0,0,0,0,0,0,0,0,0,0
12/27/2022,123456,lotno,2172,0,0,0,0,0,0,0,0,0,0,0,0,0,0,0,0,0,0,0
12/27/2022,123456,lotno,2172,0,0,0,0,0,0,0,0,0,0,0,0,0,0,0,0,0,0,0
12/27/2022,123456,lotno,2172,0,0,0,0,0,0,0,0,0,0,0,0,0,0,0,0,0,0,0
12/27/2022,123456,lotno,2172,0,0,0,0,0,0,0,0,0,0,0,0,0,0,0,0,0,0,0
12/27/2022,123456,lotno,2172,0,0,0,0,0,0,0,0,0,0,0,0,0,0,0,0,0,0,0
12/27/2022,123456,lotno,2172,0,0,0,0,0,0,0,0,0,0,0,0,0,0,0,0,0,0,0
12/27/2022,123456,lotno,2172,0,0,0,0,0,0,0,0,0,0,0,0,0,0,0,0,0,0,0
12/27/2022,123456,lotno,2172,0,0,0,0,0,0,0,0,0,0,0,0,0,0,0,0,0,0,0
12/27/2022,123456,lotno,2172,0,0,0,0,0,0,0,0,0,0,0,0,0,0,0,0,0,0,0
12/27/2022,123456,lotno,2172,0,0,0,0,0,0,0,0,0,0,0,0,0,0,0,0,0,0,0
12/27/2022,123456,lotno,2172,0,0,0,0,0,0,0,0,0,0,0,0,0,0,0,0,0,0,0
12/27/2022,123456,lotno,2172,0,0,0,0,0,0,0,0,0,0,0,0,0,0,0,0,0,0,0
12/27/2022,123456,lotno,2172,0,0,0,0,0,0,0,0,0,0,0,0,0,0,0,0,0,0,0
12/27/2022,123456,lotno,2172,0,0,0,0,0,0,0,0,0,0,0,0,0,0,0,0,0,0,0
12/27/2022,123456,lotno,2172,0,0,0,0,0,0,0,0,0,0,0,0,0,0,0,0,0,0,0
12/27/2022,123456,lotno,2172,0,0,0,0,0,0,0,0,0,0,0,0,0,0,0,0,0,0,0
12/28/2022,123456,lotno,2172,0,0,0,0,0,0,0,0,0,0,0,0,0,0,0,0,0,0,0
12/28/2022,123456,lotno,2172,0,0,0,0,0,0,0,0,0,0,0,0,0,0,0,0,0,0,0
12/28/2022,123456,lotno,2172,0,0,0,0,0,0,0,0,0,0,0,0,0,0,0,0,0,0,0
12/28/2022,123456,lotno,2172,0,0,0,0,0,0,0,0,0,0,0,0,0,0,0,0,0,0,0
12/28/2022,123456,lotno,2172,0,0,0,0,0,0,0,0,0,0,0,0,0,0,0,0,0,0,0
12/28/2022,123456,lotno,2172,0,0,0,0,0,0,0,0,0,0,0,0,0,0,0,0,0,0,0
12/28/2022,123456,lotno,2172,0,0,0,0,0,0,0,0,0,0,0,0,0,0,0,0,0,0,0
12/28/2022,123456,lotno,2172,0,0,0,0,0,0,0,0,0,0,0,0,0,0,0,0,0,0,0
12/28/2022,123456,lotno,2172,0,0,0,0,0,0,0,0,0,0,0,0,0,0,0,0,0,0,0
12/28/2022,123456,lotno,2341,169,1,0,0,6,7,1,0,0,0,7,0,173,0,0,0,0,0,0
12/28/2022,123456,lotno,2546,205,1,0,0,0,0,3,0,2,0,6,0,199,0,1,0,0,0,0
12/28/2022,123456,lotno,2707,161,8,0,0,0,0,4,0,0,0,4,0,151,0,0,0,0,0,0
12/28/2022,123456,lotno,2897,190,1,0,0,0,0,2,0,0,0,1,0,166,0,1,0,0,0,0
12/28/2022,123456,lotno,3069,171,0,0,0,3,3,1,0,0,0,2,0,164,0,0,0,0,8,0
12/28/2022,123456,lotno,3272,203,3,0,0,3,3,0,0,0,0,1,0,171,1,0,0,0,0,0
12/28/2022,123456,lotno,3458,186,0,0,0,2,1,0,0,0,0,0,0,159,0,0,0,0,0,0
12/28/2022,123456,lotno,3633,175,2,1,2,0,1,0,0,1,0,0,0,132,0,0,0,0,0,0
12/28/2022,123456,lotno,3849,216,0,0,0,0,1,0,0,0,0,0,1,181,0,0,0,0,0,0
12/28/2022,123456,lotno,4067,218,0,0,0,0,0,0,0,0,0,0,0,190,0,0,0,0,0,0
12/28/2022,123456,lotno,4282,215,0,0,0,1,0,0,0,0,0,1,0,206,0,0,0,0,0,0
12/28/2022,123456,lotno,4499,217,0,0,0,0,0,0,0,0,0,0,0,207,0,0,0,0,0,0
12/28/2022,123456,lotno,4689,190,6,0,0,0,0,0,0,0,0,0,1,184,0,0,0,0,0,0
12/28/2022,123456,lotno,4902,213,0,0,0,0,0,0,0,0,0,1,0,206,0,0,0,0,0,0
12/28/2022,123456,lotno,5118,216,0,0,0,0,0,0,0,0,0,0,0,200,0,0,0,0,1,0
12/29/2022,123456,lotno,5321,203,0,0,0,0,0,1,0,0,0,0,0,199,0,0,0,0,0,0
12/29/2022,123456,lotno,5516,195,1,0,0,3,2,0,0,0,0,0,0,160,1,0,0,0,0,0
12/29/2022,123456,lotno,5730,214,0,0,0,0,0,0,0,0,0,0,0,191,0,0,0,0,0,0
12/29/2022,123456,lotno,5939,209,1,0,0,3,3,0,0,0,0,1,0,187,1,1,0,0,0,0
12/29/2022,123456,lotno,6158,219,0,0,0,0,0,0,0,0,0,0,0,185,0,0,0,0,0,0
12/29/2022,123456,lotno,6295,137,1,0,0,0,0,1,0,0,0,0,0,131,0,0,0,0,0,0
12/29/2022,123456,lotno,6295,0,0,0,0,0,0,0,0,0,0,0,0,0,0,0,0,0,0,0
12/29/2022,123456,lotno,6295,0,0,0,0,0,0,0,0,0,0,0,0,0,0,0,0,0,0,0
12/29/2022,123456,lotno,6295,0,0,0,0,0,0,0,0,0,0,0,0,0,0,0,0,0,0,0
12/29/2022,123456,lotno,6453,158,0,0,0,0,0,1,0,0,0,0,0,149,0,0,0,0,0,0
12/29/2022,123456,lotno,6681,202,0,0,0,0,0,0,0,0,0,3,0,176,0,0,0,0,0,0
12/29/2022,123456,lotno,6882,201,0,0,0,1,1,0,0,0,0,1,0,175,0,1,0,0,0,0
12/29/2022,123456,lotno,7037,155,0,0,0,4,6,1,0,1,0,4,0,132,0,0,0,0,0,0
12/29/2022,123456,lotno,7229,192,0,0,0,1,0,1,0,0,0,12,0,176,0,1,0,0,0,0
12/29/2022,123456,lotno,7425,196,0,0,0,0,0,0,0,0,0,16,0,171,0,6,0,0,0,0
12/29/2022,123456,lotno,7530,105,4,0,0,11,11,0,0,0,0,6,0,106,3,4,0,0,0,0
12/29/2022,123456,lotno,7666,136,0,0,0,10,11,0,0,1,0,1,0,126,3,7,0,0,0,0
12/29/2022,123456,lotno,7836,170,1,0,0,0,0,0,0,1,0,13,0,179,0,2,0,0,0,0
12/29/2022,123456,lotno,7992,156,1,1,1,3,2,1,0,1,0,7,0,154,1,0,0,0,26,0
12/29/2022,123456,lotno,8196,204,0,0,0,0,0,1,0,2,0,7,0,207,0,2,0,0,4,0
12/29/2022,123456,lotno,8404,208,1,0,0,0,0,0,0,3,0,2,0,206,0,1,0,0,0,0
12/29/2022,123456,lotno,8614,210,0,0,0,0,0,0,0,2,0,4,0,202,0,0,0,0,0,0
12/29/2022,123456,lotno,8829,215,0,0,0,0,0,1,0,0,0,2,0,196,0,0,0,0,0,0
12/29/2022,123456,lotno,9043,214,0,0,0,0,0,0,0,0,0,1,0,192,0,0,0,0,11,0
12/30/2022,123456,lotno,9190,147,0,0,0,0,0,0,0,0,0,0,0,124,0,0,1,0,0,0
12/30/2022,123456,lotno,9388,198,0,0,0,5,5,2,0,0,0,0,0,128,2,0,0,0,0,0
12/30/2022,123456,lotno,9603,215,0,0,0,0,0,1,0,0,0,1,0,179,0,0,0,0,0,0
12/30/2022,123456,lotno,9816,213,0,0,0,0,0,0,0,0,0,0,0,183,0,0,0,0,0,0
12/30/2022,123456,lotno,9938,122,0,0,0,0,0,0,0,0,0,2,0,110,0,0,0,0,0,0
12/30/2022,123456,lotno,9938,0,0,0,0,0,0,0,0,0,0,0,0,0,0,0,0,0,0,0
12/30/2022,123456,lotno,9938,0,0,0,0,0,0,0,0,0,0,0,0,0,0,0,0,0,0,0
12/30/2022,123456,lotno,9938,0,0,0,0,0,0,0,0,0,0,0,0,0,0,0,0,0,0,0
12/30/2022,123456,lotno,9938,0,0,0,0,0,0,0,0,0,0,0,0,0,0,0,0,0,0,0
12/30/2022,123456,lotno,9983,45,0,0,0,0,0,0,0,0,0,1,0,39,0,0,0,0,0,0
12/30/2022,123456,lotno,9983,0,0,0,0,0,0,0,0,0,0,0,0,0,0,0,0,0,0,0
12/30/2022,123456,lotno,90,0,0,0,0,0,0,0,0,0,0,0,0,0,0,0,0,0,0,0
12/30/2022,123456,lotno,137,47,1,0,0,0,2,0,0,0,0,2,0,37,0,0,0,0,16,16
12/30/2022,123456,lotno,298,161,6,0,0,0,0,0,0,0,0,2,0,141,0,0,0,0,80,80
12/30/2022,123456,lotno,461,163,4,0,0,0,0,3,0,0,0,12,0,162,0,0,0,0,80,83
12/30/2022,123456,lotno,628,167,3,0,0,0,0,1,0,0,0,10,0,169,0,0,0,0,82,85
12/30/2022,123456,lotno,753,125,2,0,0,2,3,0,0,0,0,6,0,129,1,0,0,0,63,62
12/30/2022,123456,lotno,925,172,4,0,0,0,0,0,0,0,0,7,0,170,0,0,0,0,86,86
12/30/2022,123456,lotno,1100,175,1,1,0,0,0,2,0,0,0,5,0,173,0,0,0,0,38,37
12/30/2022,123456,lotno,1258,158,0,0,0,4,2,1,0,0,0,11,0,152,1,0,0,0,0,0
12/31/2022,123456,lotno,1429,171,2,0,0,0,0,4,0,0,0,9,0,159,0,0,0,0,0,0
12/31/2022,123456,lotno,1592,163,3,0,0,0,0,1,0,0,0,15,0,133,0,0,0,0,0,0
12/31/2022,123456,lotno,1710,118,1,0,0,2,3,2,0,0,0,20,0,125,1,0,0,0,0,0
12/31/2022,123456,lotno,1710,0,0,0,0,0,0,0,0,0,0,0,0,0,0,0,0,0,0,0
12/31/2022,123456,lotno,1710,0,0,0,0,0,0,0,0,0,0,0,0,0,0,0,0,0,0,0
12/31/2022,123456,lotno,1710,0,0,0,0,0,0,0,0,0,0,0,0,0,0,0,0,0,0,0
12/31/2022,123456,lotno,1710,0,0,0,0,0,0,0,0,0,0,0,0,0,0,0,0,0,0,0
12/31/2022,123456,lotno,1710,0,0,0,0,0,0,0,0,0,0,0,0,0,0,0,0,0,0,0
12/31/2022,123456,lotno,1710,0,0,0,0,0,0,0,0,0,0,0,0,0,0,0,0,0,0,0
12/31/2022,123456,lotno,1710,0,0,0,0,0,0,0,0,0,0,0,0,0,0,0,0,0,0,0
12/31/2022,123456,lotno,1710,0,0,0,0,0,0,0,0,0,0,0,0,0,0,0,0,0,0,0
12/31/2022,123456,lotno,1710,0,0,0,0,0,0,0,0,0,0,0,0,0,0,0,0,0,0,0
12/31/2022,123456,lotno,1710,0,0,0,0,0,0,0,0,0,0,0,0,0,0,0,0,0,0,0
12/31/2022,123456,lotno,1710,0,0,0,0,0,0,0,0,0,0,0,0,0,0,0,0,0,0,0
12/31/2022,123456,lotno,1710,0,0,0,0,0,0,0,0,0,0,0,0,0,0,0,0,0,0,0
12/31/2022,123456,lotno,1710,0,0,0,0,0,0,0,0,0,0,0,0,0,0,0,0,0,0,0
12/31/2022,123456,lotno,1710,0,0,0,0,0,0,0,0,0,0,0,0,0,0,0,0,0,0,0
12/31/2022,123456,lotno,1710,0,0,0,0,0,0,0,0,0,0,0,0,0,0,0,0,0,0,0
12/31/2022,123456,lotno,1710,0,0,0,0,0,0,0,0,0,0,0,0,0,0,0,0,0,0,0
12/31/2022,123456,lotno,1710,0,0,0,0,0,0,0,0,0,0,0,0,0,0,0,0,0,0,0
12/31/2022,123456,lotno,1710,0,0,0,0,0,0,0,0,0,0,0,0,0,0,0,0,0,0,0
12/31/2022,123456,lotno,1710,0,0,0,0,0,0,0,0,0,0,0,0,0,0,0,0,0,0,0
12/31/2022,123456,lotno,1710,0,0,0,0,0,0,0,0,0,0,0,0,0,0,0,0,0,0,0
12/31/2022,123456,lotno,1710,0,0,0,0,0,0,0,0,0,0,0,0,0,0,0,0,0,0,0
