,DateTime,Part #,Lot #,Lot Count,Parts Made,Reject1,Reject2,Reject3,Reject4,Reject5,Reject6,Reject7,Reject8,Reject9,Reject10,Reject11,Reject12,Reject13,Reject14,Reject15,Reject16,Reject17,Reject18,Reject19,Reject20,Reject21,Reject22,Total Rejects,total_down_minutes,total_planned_minutes,total_unplanned_minutes
8016,12/1/2022 0:00,123456,lotno,4624,154,0,0,0,7,9,0,0,0,0,0,0,47,3,0,0,0,0,0,N/A,N/A,N/A,N/A,14.25,16,0,16
8017,12/1/2022 1:00,123456,lotno,4825,201,0,0,0,3,3,0,0,0,0,0,0,55,1,0,0,0,0,0,N/A,N/A,N/A,N/A,5.25,7,0,7
8018,12/1/2022 2:00,123456,lotno,4943,118,0,0,0,2,4,0,0,0,0,0,0,30,1,0,0,0,0,0,N/A,N/A,N/A,N/A,5.25,21,0,21
8019,12/1/2022 3:00,123456,lotno,4943,0,0,0,0,0,0,0,0,0,0,0,0,0,0,0,0,0,0,0,N/A,N/A,N/A,N/A,0,60,0,60
8020,12/1/2022 4:00,123456,lotno,4943,0,0,0,0,0,0,0,0,0,0,0,0,0,0,0,0,0,0,0,N/A,N/A,N/A,N/A,0,60,0,60
8021,12/1/2022 5:00,123456,lotno,4943,0,0,0,0,0,0,0,0,0,0,0,0,0,0,0,0,0,0,0,N/A,N/A,N/A,N/A,0,60,0,60
8022,12/1/2022 6:00,123456,lotno,4943,0,0,0,0,0,0,0,0,0,0,0,0,0,0,0,0,0,0,0,N/A,N/A,N/A,N/A,0,60,0,60
8023,12/1/2022 7:00,123456,lotno,4943,0,0,0,0,0,0,0,0,0,0,0,0,0,0,0,0,0,0,0,N/A,N/A,N/A,N/A,0,60,0,60
8024,12/1/2022 8:00,123456,lotno,5108,165,0,0,0,1,1,0,0,0,0,0,0,55,0,0,0,0,2,0,N/A,N/A,N/A,N/A,1.5,13,0,13
8025,12/1/2022 9:00,123456,lotno,5316,208,0,0,0,0,1,0,0,0,0,0,0,87,0,0,0,0,0,0,N/A,N/A,N/A,N/A,0.75,4,0,4
8026,12/1/2022 10:00,123456,lotno,5538,222,0,0,0,0,0,2,0,0,0,0,0,56,0,0,0,0,0,0,N/A,N/A,N/A,N/A,0.5,0,0,0
8027,12/1/2022 11:00,123456,lotno,5763,225,0,0,0,0,1,0,0,0,0,0,0,54,0,0,0,0,0,0,N/A,N/A,N/A,N/A,0.75,1,0,1
8028,12/1/2022 12:00,123456,lotno,5861,98,0,0,0,4,6,1,0,0,0,0,0,38,2,0,0,0,0,0,N/A,N/A,N/A,N/A,9.25,16,0,16
8029,12/1/2022 13:00,123456,lotno,5919,58,3,0,0,0,1,0,0,0,0,0,0,28,0,2,1,0,0,0,N/A,N/A,N/A,N/A,6.75,18,1,17
8030,12/1/2022 14:00,123456,lotno,6081,162,0,0,0,5,6,2,0,0,0,0,0,70,1,2,0,0,1,0,N/A,N/A,N/A,N/A,11.5,7,0,7
8031,12/1/2022 15:00,123456,lotno,6255,174,0,0,0,8,8,0,0,0,0,0,0,65,3,2,0,0,0,0,N/A,N/A,N/A,N/A,16.25,6,0,6
8032,12/1/2022 16:00,123456,lotno,6436,181,0,0,0,5,7,0,0,0,0,0,0,57,2,8,0,0,0,0,N/A,N/A,N/A,N/A,18.5,5,0,5
8033,12/1/2022 17:00,123456,lotno,6636,200,3,0,0,0,1,2,0,0,0,0,0,60,0,1,0,0,0,0,N/A,N/A,N/A,N/A,5.25,1,0,1
8034,12/1/2022 18:00,123456,lotno,6807,171,1,0,0,4,5,0,0,0,0,0,0,59,2,0,0,0,0,0,N/A,N/A,N/A,N/A,9.25,12,0,12
8035,12/1/2022 19:00,123456,lotno,6897,90,0,0,0,9,8,1,0,0,0,0,0,40,3,2,0,0,0,0,N/A,N/A,N/A,N/A,17.25,30,0,30
8036,12/1/2022 20:00,123456,lotno,7030,133,2,0,0,2,2,1,0,0,0,0,0,75,0,1,0,0,0,1,N/A,N/A,N/A,N/A,6.25,17,0,17
8037,12/1/2022 21:00,123456,lotno,7255,225,0,0,1,0,0,0,0,0,0,0,0,64,0,0,0,0,0,0,N/A,N/A,N/A,N/A,1,1,0,1
8038,12/1/2022 22:00,123456,lotno,7437,182,2,0,0,3,3,2,0,0,0,1,0,36,1,2,0,0,0,0,N/A,N/A,N/A,N/A,10.75,10,0,10
8039,12/1/2022 23:00,123456,lotno,7646,209,3,0,0,2,3,2,0,0,0,0,0,82,1,0,0,0,0,0,N/A,N/A,N/A,N/A,8,3,0,3
8040,12/2/2022 0:00,123456,lotno,7868,222,4,0,0,0,0,2,0,0,0,0,0,74,0,0,0,0,0,0,N/A,N/A,N/A,N/A,4.5,0,0,0
8041,12/2/2022 1:00,123456,lotno,8088,220,2,0,0,0,0,0,0,0,0,0,0,57,0,2,0,0,0,0,N/A,N/A,N/A,N/A,4,0,0,0
8042,12/2/2022 2:00,123456,lotno,8298,209,3,0,0,2,1,0,0,0,0,0,0,71,0,1,0,0,0,0,N/A,N/A,N/A,N/A,6.25,0,0,0
8043,12/2/2022 3:00,123456,lotno,8311,13,1,0,0,0,0,0,0,0,0,0,0,5,0,0,0,0,0,0,N/A,N/A,N/A,N/A,1,57,0,57
8044,12/2/2022 4:00,123456,lotno,8311,0,0,0,0,0,0,0,0,0,0,0,0,0,0,0,0,0,0,0,N/A,N/A,N/A,N/A,0,60,0,60
8045,12/2/2022 5:00,123456,lotno,8311,0,0,0,0,0,0,0,0,0,0,0,0,0,0,0,0,0,0,0,N/A,N/A,N/A,N/A,0,60,0,60
8046,12/2/2022 6:00,123456,lotno,8311,0,0,0,0,0,0,0,0,0,0,0,0,0,0,0,0,0,0,0,N/A,N/A,N/A,N/A,0,60,0,60
8047,12/2/2022 7:00,123456,lotno,8311,0,0,0,0,0,0,0,0,0,0,0,0,0,0,0,0,0,0,0,N/A,N/A,N/A,N/A,0,60,0,60
8048,12/2/2022 8:00,123456,lotno,8454,143,1,0,0,1,1,0,0,0,0,0,0,55,0,0,0,0,0,0,N/A,N/A,N/A,N/A,2.5,20,0,20
8049,12/2/2022 9:00,123456,lotno,8644,190,7,0,0,0,0,0,0,0,0,4,0,54,0,1,0,0,0,0,N/A,N/A,N/A,N/A,12,6,2,4
8050,12/2/2022 10:00,123456,lotno,8871,227,1,0,0,0,0,1,0,0,0,1,0,51,0,0,0,0,0,0,N/A,N/A,N/A,N/A,2.25,0,0,0
8051,12/2/2022 11:00,123456,lotno,9024,153,4,0,0,0,0,0,0,0,1,0,1,64,0,0,0,0,0,0,N/A,N/A,N/A,N/A,5,18,0,18
8052,12/2/2022 12:00,123456,lotno,9206,182,0,0,0,3,2,0,0,0,0,6,0,68,0,3,0,0,0,0,N/A,N/A,N/A,N/A,12.75,9,0,9
8053,12/2/2022 13:00,123456,lotno,9410,204,0,0,0,3,1,0,0,0,0,0,0,102,1,0,0,0,0,0,N/A,N/A,N/A,N/A,3.75,5,0,5
8054,12/2/2022 14:00,123456,lotno,9611,201,2,0,0,0,0,1,0,0,0,0,0,65,0,1,0,0,0,0,N/A,N/A,N/A,N/A,3.25,3,0,3
8055,12/2/2022 15:00,123456,lotno,9789,160,0,0,0,5,5,0,0,2,0,14,0,46,1,1,0,0,0,0,N/A,N/A,N/A,N/A,25.25,5,0,5
8056,12/2/2022 16:00,123456,lotno,9983,194,2,0,1,0,0,0,0,1,0,2,0,53,0,1,0,0,0,0,N/A,N/A,N/A,N/A,7,4,2,2
8057,12/2/2022 17:00,123456,lotno,158,207,4,0,1,1,0,0,0,1,0,4,0,24,0,0,0,0,0,0,N/A,N/A,N/A,N/A,10.75,2,0,2
8058,12/2/2022 18:00,123456,lotno,385,227,3,0,0,1,0,3,0,0,0,0,0,0,0,1,0,0,0,0,N/A,N/A,N/A,N/A,5.5,0,0,0
8059,12/2/2022 19:00,123456,lotno,601,216,1,1,0,0,1,2,0,1,0,2,0,0,0,1,0,0,0,0,N/A,N/A,N/A,N/A,7.25,2,0,2
8060,12/2/2022 20:00,123456,lotno,696,95,0,0,1,3,5,1,0,0,0,1,0,0,1,3,0,0,0,0,N/A,N/A,N/A,N/A,12,32,0,32
8061,12/2/2022 21:00,123456,lotno,798,102,1,0,0,2,2,0,0,1,0,1,0,0,1,0,0,0,0,0,N/A,N/A,N/A,N/A,6.75,1,0,1
8062,12/2/2022 22:00,123456,lotno,1027,229,0,0,0,0,0,1,0,0,0,2,0,1,0,2,0,0,0,1,N/A,N/A,N/A,N/A,4.25,0,0,0
8063,12/2/2022 23:00,123456,lotno,1251,224,3,0,0,0,1,1,0,0,0,3,0,6,0,1,0,0,0,0,N/A,N/A,N/A,N/A,8,0,0,0
8064,12/3/2022 0:00,123456,lotno,1476,225,3,0,0,1,1,0,0,0,0,1,0,14,0,0,0,0,0,0,N/A,N/A,N/A,N/A,5.5,0,0,0
8065,12/3/2022 1:00,123456,lotno,1677,201,3,0,0,2,3,1,0,0,0,1,0,28,1,0,0,0,0,0,N/A,N/A,N/A,N/A,8.75,6,0,6
8066,12/3/2022 2:00,123456,lotno,1813,136,1,0,1,0,1,0,0,0,0,0,0,20,0,1,0,0,0,0,N/A,N/A,N/A,N/A,3.75,24,2,22
8067,12/3/2022 3:00,123456,lotno,1813,0,0,0,0,0,0,0,0,0,0,0,0,0,0,0,0,0,0,0,N/A,N/A,N/A,N/A,0,60,0,60
8068,12/3/2022 4:00,123456,lotno,1813,0,0,0,0,0,0,0,0,0,0,0,0,0,0,0,0,0,0,0,N/A,N/A,N/A,N/A,0,60,0,60
8069,12/3/2022 5:00,123456,lotno,1813,0,0,0,0,0,0,0,0,0,0,0,0,0,0,0,0,0,0,0,N/A,N/A,N/A,N/A,0,60,0,60
8070,12/3/2022 6:00,123456,lotno,1813,0,0,1,1,0,0,0,0,0,0,0,0,0,0,0,0,0,0,0,N/A,N/A,N/A,N/A,2,60,0,60
8071,12/3/2022 7:00,123456,lotno,1989,176,1,1,5,0,1,0,0,2,0,1,0,48,0,0,0,0,0,0,N/A,N/A,N/A,N/A,10.75,10,0,10
8072,12/3/2022 8:00,123456,lotno,2086,97,6,0,1,0,0,0,0,3,0,5,0,18,0,2,0,0,1,0,N/A,N/A,N/A,N/A,17,29,0,29
8073,12/3/2022 9:00,123456,lotno,2236,150,6,0,0,6,3,1,0,1,0,2,1,47,1,3,0,0,0,0,N/A,N/A,N/A,N/A,19.75,17,0,17
8074,12/3/2022 10:00,123456,lotno,2427,191,6,1,2,0,1,0,0,0,0,4,0,35,0,0,0,0,0,0,N/A,N/A,N/A,N/A,13.75,0,0,0
8075,12/3/2022 11:00,123456,lotno,2520,93,0,0,0,1,0,0,0,0,0,2,0,32,0,1,0,0,0,0,N/A,N/A,N/A,N/A,3.75,35,0,35
8076,12/3/2022 12:00,123456,lotno,2520,0,0,0,0,0,0,0,0,0,0,0,0,0,0,0,0,0,0,0,N/A,N/A,N/A,N/A,0,60,0,60
8077,12/3/2022 13:00,123456,lotno,2520,0,0,0,0,0,0,0,0,0,0,0,0,0,0,0,0,0,0,0,N/A,N/A,N/A,N/A,0,60,0,60
8078,12/3/2022 14:00,123456,lotno,2520,0,0,0,0,0,0,0,0,0,0,0,0,0,0,0,0,0,0,0,N/A,N/A,N/A,N/A,0,60,0,60
8079,12/3/2022 15:00,123456,lotno,2520,0,0,0,0,0,0,0,0,0,0,0,0,0,0,0,0,0,0,0,N/A,N/A,N/A,N/A,0,60,0,60
8080,12/3/2022 16:00,123456,lotno,2520,0,0,0,0,0,0,0,0,0,0,0,0,0,0,0,0,0,0,0,N/A,N/A,N/A,N/A,0,60,0,60
8081,12/3/2022 17:00,123456,lotno,2520,0,0,0,0,0,0,0,0,0,0,0,0,0,0,0,0,0,0,0,N/A,N/A,N/A,N/A,0,60,0,60
8082,12/3/2022 18:00,123456,lotno,2520,0,0,0,0,0,0,0,0,0,0,0,0,0,0,0,0,0,0,0,N/A,N/A,N/A,N/A,0,60,0,60
8083,12/3/2022 19:00,123456,lotno,2520,0,0,0,0,0,0,0,0,0,0,0,0,0,0,0,0,0,0,0,N/A,N/A,N/A,N/A,0,60,0,60
8084,12/3/2022 20:00,123456,lotno,2520,0,0,0,0,0,0,0,0,0,0,0,0,0,0,0,0,0,0,0,N/A,N/A,N/A,N/A,0,60,0,60
8085,12/3/2022 21:00,123456,lotno,2520,0,0,0,0,0,0,0,0,0,0,0,0,0,0,0,0,0,0,0,N/A,N/A,N/A,N/A,0,60,0,60
8086,12/3/2022 22:00,123456,lotno,2520,0,0,0,0,0,0,0,0,0,0,0,0,0,0,0,0,0,0,0,N/A,N/A,N/A,N/A,0,60,0,60
8087,12/3/2022 23:00,123456,lotno,2520,0,0,0,0,0,0,0,0,0,0,0,0,0,0,0,0,0,0,0,N/A,N/A,N/A,N/A,0,60,0,60
8088,12/4/2022 0:00,123456,lotno,2520,0,0,0,0,0,0,0,0,0,0,0,0,0,0,0,0,0,0,0,N/A,N/A,N/A,N/A,0,60,0,60
8089,12/4/2022 1:00,123456,lotno,2520,0,0,0,0,0,0,0,0,0,0,0,0,0,0,0,0,0,0,0,N/A,N/A,N/A,N/A,0,60,0,60
8090,12/4/2022 2:00,123456,lotno,2520,0,0,0,0,0,0,0,0,0,0,0,0,0,0,0,0,0,0,0,N/A,N/A,N/A,N/A,0,60,0,60
8091,12/4/2022 3:00,123456,lotno,2520,0,0,0,0,0,0,0,0,0,0,0,0,0,0,0,0,0,0,0,N/A,N/A,N/A,N/A,0,60,0,60
8092,12/4/2022 4:00,123456,lotno,2520,0,0,0,0,0,0,0,0,0,0,0,0,0,0,0,0,0,0,0,N/A,N/A,N/A,N/A,0,60,0,60
8093,12/4/2022 5:00,123456,lotno,2520,0,0,0,0,0,0,0,0,0,0,0,0,0,0,0,0,0,0,0,N/A,N/A,N/A,N/A,0,60,0,60
8094,12/4/2022 6:00,123456,lotno,2520,0,0,0,0,0,0,0,0,0,0,0,0,0,0,0,0,0,0,0,N/A,N/A,N/A,N/A,0,60,0,60
8095,12/4/2022 7:00,123456,lotno,2520,0,0,0,0,0,0,0,0,0,0,0,0,0,0,0,0,0,0,0,N/A,N/A,N/A,N/A,0,60,0,60
8096,12/4/2022 8:00,123456,lotno,2520,0,0,0,0,0,0,0,0,0,0,0,0,0,0,0,0,0,0,0,N/A,N/A,N/A,N/A,0,60,0,60
8097,12/4/2022 9:00,123456,lotno,2520,0,0,0,0,0,0,0,0,0,0,0,0,0,0,0,0,0,0,0,N/A,N/A,N/A,N/A,0,60,0,60
8098,12/4/2022 10:00,123456,lotno,2520,0,0,0,0,0,0,0,0,0,0,0,0,0,0,0,0,0,0,0,N/A,N/A,N/A,N/A,0,60,0,60
8099,12/4/2022 11:00,123456,lotno,2520,0,0,0,0,0,0,0,0,0,0,0,0,0,0,0,0,0,0,0,N/A,N/A,N/A,N/A,0,60,0,60
8100,12/4/2022 12:00,123456,lotno,2520,0,0,0,0,0,0,0,0,0,0,0,0,0,0,0,0,0,0,0,N/A,N/A,N/A,N/A,0,60,0,60
8101,12/4/2022 13:00,123456,lotno,2520,0,0,0,0,0,0,0,0,0,0,0,0,0,0,0,0,0,0,0,N/A,N/A,N/A,N/A,0,60,0,60
8102,12/4/2022 14:00,123456,lotno,2520,0,0,0,0,0,0,0,0,0,0,0,0,0,0,0,0,0,0,0,N/A,N/A,N/A,N/A,0,60,0,60
8103,12/4/2022 15:00,123456,lotno,2520,0,0,0,0,0,0,0,0,0,0,0,0,0,0,0,0,0,0,0,N/A,N/A,N/A,N/A,0,60,0,60
8104,12/4/2022 16:00,123456,lotno,2520,0,0,0,0,0,0,0,0,0,0,0,0,0,0,0,0,0,0,0,N/A,N/A,N/A,N/A,0,60,0,60
8105,12/4/2022 17:00,123456,lotno,2520,0,0,0,0,0,0,0,0,0,0,0,0,0,0,0,0,0,0,0,N/A,N/A,N/A,N/A,0,60,0,60
8106,12/4/2022 18:00,123456,lotno,2520,0,0,0,0,0,0,0,0,0,0,0,0,0,0,0,0,0,0,0,N/A,N/A,N/A,N/A,0,60,0,60
8107,12/4/2022 19:00,123456,lotno,2520,0,0,0,0,0,0,0,0,0,0,0,0,0,0,0,0,0,0,0,N/A,N/A,N/A,N/A,0,60,0,60
8108,12/4/2022 20:00,123456,lotno,2520,0,0,0,0,0,0,0,0,0,0,0,0,0,0,0,0,0,0,0,N/A,N/A,N/A,N/A,0,60,0,60
8109,12/4/2022 21:00,123456,lotno,2520,0,0,0,0,0,0,0,0,0,0,0,0,0,0,0,0,0,0,0,N/A,N/A,N/A,N/A,0,60,0,60
8110,12/4/2022 22:00,123456,lotno,2520,0,0,0,0,0,0,0,0,0,0,0,0,0,0,0,0,0,0,0,N/A,N/A,N/A,N/A,0,60,0,60
8111,12/4/2022 23:00,123456,lotno,2520,0,0,0,0,0,0,0,0,0,0,0,0,0,0,0,0,0,0,0,N/A,N/A,N/A,N/A,0,60,0,60
8112,12/5/2022 0:00,123456,lotno,2520,0,0,0,0,0,0,0,0,0,0,0,0,0,0,0,0,0,0,0,N/A,N/A,N/A,N/A,0,60,0,60
8113,12/5/2022 1:00,123456,lotno,2520,0,0,0,0,0,0,0,0,0,0,0,0,0,0,0,0,0,0,0,N/A,N/A,N/A,N/A,0,60,0,60
8114,12/5/2022 2:00,123456,lotno,2520,0,0,0,0,0,0,0,0,0,0,0,0,0,0,0,0,0,0,0,N/A,N/A,N/A,N/A,0,60,0,60
8115,12/5/2022 3:00,123456,lotno,2520,0,0,0,0,0,0,0,0,0,0,0,0,0,0,0,0,0,0,0,N/A,N/A,N/A,N/A,0,60,0,60
8116,12/5/2022 4:00,123456,lotno,2520,0,0,0,0,0,0,0,0,0,0,0,0,0,0,0,0,0,0,0,N/A,N/A,N/A,N/A,0,60,0,60
8117,12/5/2022 5:00,123456,lotno,2520,0,0,0,0,0,0,0,0,0,0,0,0,0,0,0,0,0,0,0,N/A,N/A,N/A,N/A,0,60,0,60
8118,12/5/2022 6:00,123456,lotno,2520,0,0,0,0,0,0,0,0,0,0,0,0,0,0,0,0,0,0,0,N/A,N/A,N/A,N/A,0,60,0,60
8119,12/5/2022 7:00,123456,lotno,2526,6,1,0,0,0,2,0,0,0,0,0,0,0,0,1,0,0,0,0,N/A,N/A,N/A,N/A,3.5,56,0,56
8120,12/5/2022 8:00,123456,lotno,2617,91,0,0,0,21,20,0,0,1,1,2,0,24,7,6,0,0,0,0,N/A,N/A,N/A,N/A,46,35,0,35
8121,12/5/2022 9:00,123456,lotno,2790,173,0,0,1,4,3,0,0,4,0,2,0,32,0,2,0,0,0,0,N/A,N/A,N/A,N/A,14.25,10,0,10
8122,12/5/2022 10:00,123456,lotno,3022,232,0,0,0,0,0,1,0,0,0,0,0,26,0,0,0,0,0,4,N/A,N/A,N/A,N/A,0.25,0,0,0
8123,12/5/2022 11:00,123456,lotno,3229,207,1,0,0,0,0,8,0,0,0,4,0,34,0,0,0,0,0,0,N/A,N/A,N/A,N/A,7,5,0,5
8124,12/5/2022 12:00,123456,lotno,3462,233,1,0,0,0,0,0,0,0,0,0,0,14,0,0,0,0,0,0,N/A,N/A,N/A,N/A,1,0,0,0
8125,12/5/2022 13:00,123456,lotno,3691,229,0,0,0,0,0,0,0,0,0,2,0,16,0,0,0,0,0,0,N/A,N/A,N/A,N/A,2,0,0,0
8126,12/5/2022 14:00,123456,lotno,3889,198,3,0,0,0,0,0,0,0,0,1,0,19,0,0,0,0,0,0,N/A,N/A,N/A,N/A,4,3,3,0
8127,12/5/2022 15:00,123456,lotno,4119,230,0,0,0,0,0,0,0,0,0,0,0,19,0,0,0,0,0,0,N/A,N/A,N/A,N/A,0,1,0,1
8128,12/5/2022 16:00,123456,lotno,4347,228,1,0,0,0,0,2,0,0,0,1,0,17,0,1,0,0,0,0,N/A,N/A,N/A,N/A,3.5,0,0,0
8129,12/5/2022 17:00,123456,lotno,4570,223,0,0,0,1,0,3,0,0,0,4,0,61,0,0,0,0,0,0,N/A,N/A,N/A,N/A,5.5,0,0,0
8130,12/5/2022 18:00,123456,lotno,4797,227,0,0,0,0,0,3,0,0,0,3,0,27,0,0,0,0,0,0,N/A,N/A,N/A,N/A,3.75,0,0,0
8131,12/5/2022 19:00,123456,lotno,4997,200,0,0,0,5,5,2,0,0,1,1,0,23,2,0,0,0,0,2,N/A,N/A,N/A,N/A,11.5,7,0,7
8132,12/5/2022 20:00,123456,lotno,5168,171,0,0,0,1,0,0,0,0,1,5,0,41,0,0,0,0,0,1,N/A,N/A,N/A,N/A,6.75,13,0,13
8133,12/5/2022 21:00,123456,lotno,5355,187,0,0,0,0,1,1,0,0,1,4,0,57,0,0,0,0,0,0,N/A,N/A,N/A,N/A,6,9,0,9
8134,12/5/2022 22:00,123456,lotno,5529,174,1,0,0,4,4,1,0,0,1,3,0,43,1,0,0,0,0,0,N/A,N/A,N/A,N/A,12,7,3,4
8135,12/5/2022 23:00,123456,lotno,5749,220,0,0,0,0,0,2,0,1,1,2,0,54,0,1,0,0,0,0,N/A,N/A,N/A,N/A,5.5,1,0,1
8136,12/6/2022 0:00,123456,lotno,5974,225,0,0,0,0,0,1,0,0,0,2,0,59,0,1,0,0,0,0,N/A,N/A,N/A,N/A,3.25,0,0,0
8137,12/6/2022 1:00,123456,lotno,6191,217,0,0,0,2,3,0,0,0,0,6,0,42,1,0,0,0,2,0,N/A,N/A,N/A,N/A,10.5,1,0,1
8138,12/6/2022 2:00,123456,lotno,6402,211,2,0,0,0,0,0,0,0,0,4,0,73,0,0,0,0,0,0,N/A,N/A,N/A,N/A,6,3,2,1
8139,12/6/2022 3:00,123456,lotno,6517,115,0,0,1,0,0,0,0,0,1,2,0,36,0,0,0,0,0,0,N/A,N/A,N/A,N/A,4,29,0,29
8140,12/6/2022 4:00,123456,lotno,6517,0,0,0,0,0,0,0,0,0,0,0,0,0,0,0,0,0,0,0,N/A,N/A,N/A,N/A,0,60,0,60
8141,12/6/2022 5:00,123456,lotno,6517,0,0,0,0,0,0,0,0,0,0,0,0,0,0,0,0,0,0,0,N/A,N/A,N/A,N/A,0,60,0,60
8142,12/6/2022 6:00,123456,lotno,6517,0,0,0,0,0,0,0,0,0,0,0,0,0,0,0,0,0,0,0,N/A,N/A,N/A,N/A,0,60,0,60
8143,12/6/2022 7:00,123456,lotno,6546,29,0,0,0,0,0,0,0,0,0,0,0,15,0,0,0,0,0,0,N/A,N/A,N/A,N/A,0,50,0,50
8144,12/6/2022 8:00,123456,lotno,6741,195,0,0,0,0,0,7,0,0,0,5,0,65,0,1,0,0,0,0,N/A,N/A,N/A,N/A,7.75,0,0,0
8145,12/6/2022 9:00,123456,lotno,6861,120,2,3,6,0,0,2,0,0,0,0,0,54,0,1,0,0,0,0,N/A,N/A,N/A,N/A,12.5,11,0,11
8146,12/6/2022 10:00,123456,lotno,6992,131,4,0,1,1,1,0,0,1,0,5,0,37,0,1,0,0,5,0,N/A,N/A,N/A,N/A,13.5,19,2,17
8147,12/6/2022 11:00,123456,lotno,7178,186,3,0,0,1,2,0,0,0,0,3,0,74,0,0,0,0,4,0,N/A,N/A,N/A,N/A,8.25,4,1,3
8148,12/6/2022 12:00,123456,lotno,7391,213,4,0,0,0,0,0,0,0,1,8,0,90,0,0,0,0,0,0,N/A,N/A,N/A,N/A,13,0,0,0
8149,12/6/2022 13:00,123456,lotno,7616,225,0,0,0,0,0,0,0,0,0,3,0,61,0,0,0,0,0,0,N/A,N/A,N/A,N/A,3,0,0,0
8150,12/6/2022 14:00,123456,lotno,7823,207,4,0,0,1,0,0,0,0,0,4,0,56,1,1,0,0,0,0,N/A,N/A,N/A,N/A,10.5,2,0,2
8151,12/6/2022 15:00,123456,lotno,8043,220,4,0,0,0,0,0,0,0,0,3,0,68,0,0,0,0,9,0,N/A,N/A,N/A,N/A,7,0,0,0
8152,12/6/2022 16:00,123456,lotno,8264,221,0,0,0,0,0,1,0,0,0,2,0,58,0,1,0,0,0,0,N/A,N/A,N/A,N/A,3.25,0,0,0
8153,12/6/2022 17:00,123456,lotno,8458,194,1,0,0,2,2,0,0,1,0,2,0,55,0,0,0,0,0,0,N/A,N/A,N/A,N/A,7,5,1,4
8154,12/6/2022 18:00,123456,lotno,8684,226,0,0,0,1,0,0,0,0,0,1,0,56,0,1,0,0,0,0,N/A,N/A,N/A,N/A,2.75,0,0,0
8155,12/6/2022 19:00,123456,lotno,8904,220,4,0,0,1,0,0,0,1,0,0,0,56,0,0,0,0,0,0,N/A,N/A,N/A,N/A,5.75,1,0,1
8156,12/6/2022 20:00,123456,lotno,9093,189,3,0,0,0,1,1,0,0,0,3,0,69,1,0,0,0,0,0,N/A,N/A,N/A,N/A,7.75,7,0,7
8157,12/6/2022 21:00,123456,lotno,9249,156,1,1,1,3,3,0,0,0,0,2,0,45,1,0,0,0,0,0,N/A,N/A,N/A,N/A,10.25,17,0,17
8158,12/6/2022 22:00,123456,lotno,9468,219,7,0,0,0,0,1,0,0,0,1,0,31,0,0,0,0,0,0,N/A,N/A,N/A,N/A,8.25,0,0,0
8159,12/6/2022 23:00,123456,lotno,9677,209,10,0,0,0,2,0,0,0,0,2,0,31,0,0,0,0,0,0,N/A,N/A,N/A,N/A,13.5,0,0,0
8160,12/7/2022 0:00,123456,lotno,9889,212,4,1,0,0,1,1,0,0,0,0,0,65,0,0,0,0,0,0,N/A,N/A,N/A,N/A,6,2,0,2
8161,12/7/2022 1:00,123456,lotno,9926,37,1,0,0,0,0,0,0,0,0,0,0,12,0,0,0,0,0,0,N/A,N/A,N/A,N/A,1,47,0,47
8162,12/7/2022 2:00,123456,lotno,9926,0,0,0,0,0,0,0,0,0,0,0,0,0,0,0,0,0,0,0,N/A,N/A,N/A,N/A,0,60,0,60
8163,12/7/2022 3:00,123456,lotno,9926,0,0,0,0,0,0,0,0,0,0,0,0,0,0,0,0,0,0,0,N/A,N/A,N/A,N/A,0,60,0,60
8164,12/7/2022 4:00,123456,lotno,9926,0,0,0,0,0,0,0,0,0,0,0,0,0,0,0,0,0,0,0,N/A,N/A,N/A,N/A,0,60,0,60
8165,12/7/2022 5:00,123456,lotno,9926,0,0,0,0,0,0,0,0,0,0,0,0,0,0,0,0,0,0,0,N/A,N/A,N/A,N/A,0,60,0,60
8166,12/7/2022 6:00,123456,lotno,9926,0,0,0,0,0,0,0,0,0,0,0,0,0,0,0,0,0,0,0,N/A,N/A,N/A,N/A,0,60,0,60
8167,12/7/2022 7:00,123456,lotno,9936,10,0,0,0,0,0,0,0,0,0,0,0,5,0,0,0,0,0,0,N/A,N/A,N/A,N/A,0,55,0,55
8168,12/7/2022 8:00,123456,lotno,10034,98,3,0,1,0,0,0,0,0,0,0,0,44,0,0,0,0,0,2,N/A,N/A,N/A,N/A,4,32,0,32
8169,12/7/2022 9:00,123456,lotno,10034,0,0,0,0,0,0,0,0,0,0,0,0,0,0,0,0,0,0,0,N/A,N/A,N/A,N/A,0,60,0,60
8170,12/7/2022 10:00,123456,lotno,10034,0,0,0,0,0,0,0,0,0,0,0,0,0,0,0,0,0,0,0,N/A,N/A,N/A,N/A,0,60,0,60
8171,12/7/2022 11:00,123456,lotno,10034,0,0,0,0,0,0,0,0,0,0,0,0,0,0,0,0,0,0,0,N/A,N/A,N/A,N/A,0,60,0,60
8172,12/7/2022 12:00,123456,lotno,10034,0,0,0,0,0,0,0,0,0,0,0,0,0,0,0,0,0,0,0,N/A,N/A,N/A,N/A,0,60,0,60
8173,12/7/2022 13:00,123456,lotno,10034,0,0,0,0,0,0,0,0,0,0,0,0,0,0,0,0,0,0,0,N/A,N/A,N/A,N/A,0,60,0,60
8174,12/7/2022 14:00,123456,lotno,10034,0,0,0,0,0,0,0,0,0,0,0,0,0,0,0,0,0,0,0,N/A,N/A,N/A,N/A,0,60,0,60
8175,12/7/2022 15:00,123456,lotno,10034,0,0,0,0,0,0,0,0,0,0,0,0,0,0,0,0,0,0,0,N/A,N/A,N/A,N/A,0,60,0,60
8176,12/7/2022 16:00,123456,lotno,10034,0,0,0,0,0,0,0,0,0,0,0,0,0,0,0,0,0,0,0,N/A,N/A,N/A,N/A,0,60,0,60
8177,12/7/2022 17:00,123456,lotno,10034,0,0,0,0,0,0,0,0,0,0,0,0,0,0,0,0,0,0,0,N/A,N/A,N/A,N/A,0,60,0,60
8178,12/7/2022 18:00,123456,lotno,10034,0,0,0,0,0,0,0,0,0,0,0,0,0,0,0,0,0,0,0,N/A,N/A,N/A,N/A,0,60,0,60
8179,12/7/2022 19:00,123456,lotno,10034,0,0,0,0,0,0,0,0,0,0,0,0,0,0,0,0,0,0,0,N/A,N/A,N/A,N/A,0,60,0,60
8180,12/7/2022 20:00,123456,lotno,10034,0,0,0,0,0,0,0,0,0,0,0,0,0,0,0,0,0,0,0,N/A,N/A,N/A,N/A,0,60,0,60
8181,12/7/2022 21:00,123456,lotno,10034,0,0,0,0,0,0,0,0,0,0,0,0,0,0,0,0,0,0,0,N/A,N/A,N/A,N/A,0,60,0,60
8182,12/7/2022 22:00,123456,lotno,10034,0,0,0,0,0,0,0,0,0,0,0,0,0,0,0,0,0,0,0,N/A,N/A,N/A,N/A,0,60,0,60
8183,12/7/2022 23:00,123456,lotno,10034,0,0,0,0,0,0,0,0,0,0,0,0,0,0,0,0,0,0,0,N/A,N/A,N/A,N/A,0,60,0,60
8184,12/8/2022 0:00,123456,lotno,10034,0,0,0,0,0,0,0,0,0,0,0,0,0,0,0,0,0,0,0,N/A,N/A,N/A,N/A,0,60,0,60
8185,12/8/2022 1:00,123456,lotno,10034,0,0,0,0,0,0,0,0,0,0,0,0,0,0,0,0,0,0,0,N/A,N/A,N/A,N/A,0,60,0,60
8186,12/8/2022 2:00,123456,lotno,10034,0,0,0,0,0,0,0,0,0,0,0,0,0,0,0,0,0,0,0,N/A,N/A,N/A,N/A,0,60,0,60
8187,12/8/2022 3:00,123456,lotno,10034,0,0,0,0,0,0,0,0,0,0,0,0,0,0,0,0,0,0,0,N/A,N/A,N/A,N/A,0,60,0,60
8188,12/8/2022 4:00,123456,lotno,10034,0,0,0,0,0,0,0,0,0,0,0,0,0,0,0,0,0,0,0,N/A,N/A,N/A,N/A,0,60,0,60
8189,12/8/2022 5:00,123456,lotno,10034,0,0,0,0,0,0,0,0,0,0,0,0,0,0,0,0,0,0,0,N/A,N/A,N/A,N/A,0,60,0,60
8190,12/8/2022 6:00,123456,lotno,10034,0,0,0,0,0,0,0,0,0,0,0,0,0,0,0,0,0,0,0,N/A,N/A,N/A,N/A,0,60,0,60
8191,12/8/2022 7:00,123456,lotno,10034,0,0,0,0,0,0,0,0,0,0,0,0,0,0,0,0,0,0,0,N/A,N/A,N/A,N/A,0,60,0,60
8192,12/8/2022 8:00,123456,lotno,10034,0,0,0,0,0,0,0,0,0,0,0,0,0,0,0,0,0,0,0,N/A,N/A,N/A,N/A,0,60,0,60
8193,12/8/2022 9:00,123456,lotno,10034,0,0,0,0,0,0,0,0,0,0,0,0,0,0,0,0,0,0,0,N/A,N/A,N/A,N/A,0,60,0,60
8194,12/8/2022 10:00,123456,lotno,10034,0,0,0,0,0,0,0,0,0,0,0,0,0,0,0,0,0,0,0,N/A,N/A,N/A,N/A,0,60,0,60
8195,12/8/2022 11:00,123456,lotno,10034,0,0,0,0,0,0,0,0,0,0,0,0,0,0,0,0,0,0,0,N/A,N/A,N/A,N/A,0,60,0,60
8196,12/8/2022 12:00,123456,lotno,10034,0,0,0,0,0,0,0,0,0,0,0,0,0,0,0,0,0,0,0,N/A,N/A,N/A,N/A,0,60,0,60
8197,12/8/2022 13:00,123456,lotno,10034,0,0,0,0,0,0,0,0,0,0,0,0,0,0,0,0,0,0,0,N/A,N/A,N/A,N/A,0,60,0,60
8198,12/8/2022 14:00,123456,lotno,10034,0,0,0,0,0,0,0,0,0,0,0,0,0,0,0,0,0,0,0,N/A,N/A,N/A,N/A,0,60,0,60
8199,12/8/2022 15:00,123456,lotno,10034,0,0,0,0,0,0,0,0,0,0,0,0,0,0,0,0,0,0,0,N/A,N/A,N/A,N/A,0,60,0,60
8200,12/8/2022 16:00,123456,lotno,10034,0,0,0,0,0,0,0,0,0,0,0,0,0,0,0,0,0,0,0,N/A,N/A,N/A,N/A,0,60,0,60
8201,12/8/2022 17:00,123456,lotno,10034,0,0,0,0,0,0,0,0,0,0,0,0,0,0,0,0,0,0,0,N/A,N/A,N/A,N/A,0,60,0,60
8202,12/8/2022 18:00,123456,lotno,10034,0,0,0,0,0,0,0,0,0,0,0,0,0,0,0,0,0,0,0,N/A,N/A,N/A,N/A,0,60,0,60
8203,12/8/2022 19:00,123456,lotno,10034,0,0,0,0,0,0,0,0,0,0,0,0,0,0,0,0,0,0,0,N/A,N/A,N/A,N/A,0,60,0,60
8204,12/8/2022 20:00,123456,lotno,10034,0,0,0,0,0,0,0,0,0,0,0,0,0,0,0,0,0,0,0,N/A,N/A,N/A,N/A,0,60,0,60
8205,12/8/2022 21:00,123456,lotno,10034,0,0,0,0,0,0,0,0,0,0,0,0,0,0,0,0,0,0,0,N/A,N/A,N/A,N/A,0,60,0,60
8206,12/8/2022 22:00,123456,lotno,10034,0,0,0,0,0,0,0,0,0,0,0,0,0,0,0,0,0,0,0,N/A,N/A,N/A,N/A,0,60,0,60
8207,12/8/2022 23:00,123456,lotno,10034,0,0,0,0,0,0,0,0,0,0,0,0,0,0,0,0,0,0,0,N/A,N/A,N/A,N/A,0,60,0,60
8208,12/9/2022 0:00,123456,lotno,10034,0,0,0,0,0,0,0,0,0,0,0,0,0,0,0,0,0,0,0,N/A,N/A,N/A,N/A,0,60,0,60
8209,12/9/2022 1:00,123456,lotno,10034,0,0,0,0,0,0,0,0,0,0,0,0,0,0,0,0,0,0,0,N/A,N/A,N/A,N/A,0,60,0,60
8210,12/9/2022 2:00,123456,lotno,10034,0,0,0,0,0,0,0,0,0,0,0,0,0,0,0,0,0,0,0,N/A,N/A,N/A,N/A,0,60,0,60
8211,12/9/2022 3:00,123456,lotno,10034,0,0,0,0,0,0,0,0,0,0,0,0,0,0,0,0,0,0,0,N/A,N/A,N/A,N/A,0,60,0,60
8212,12/9/2022 4:00,123456,lotno,10034,0,0,0,0,0,0,0,0,0,0,0,0,0,0,0,0,0,0,0,N/A,N/A,N/A,N/A,0,60,0,60
8213,12/9/2022 5:00,123456,lotno,10034,0,0,0,0,0,0,0,0,0,0,0,0,0,0,0,0,0,0,0,N/A,N/A,N/A,N/A,0,60,0,60
8214,12/9/2022 6:00,123456,lotno,10034,0,0,0,0,0,0,0,0,0,0,0,0,0,0,0,0,0,0,0,N/A,N/A,N/A,N/A,0,60,0,60
8215,12/9/2022 7:00,123456,lotno,10034,0,0,0,0,0,0,0,0,0,0,0,0,0,0,0,0,0,0,0,N/A,N/A,N/A,N/A,0,60,0,60
8216,12/9/2022 8:00,123456,lotno,10034,0,0,0,0,0,0,0,0,0,0,0,0,0,0,0,0,0,0,0,N/A,N/A,N/A,N/A,0,60,0,60
8217,12/9/2022 9:00,123456,lotno,10034,0,0,0,0,0,0,0,0,0,0,0,0,0,0,0,0,0,0,0,N/A,N/A,N/A,N/A,0,60,0,60
8218,12/9/2022 10:00,123456,lotno,10034,0,0,0,0,0,0,0,0,0,0,0,0,0,0,0,0,0,0,0,N/A,N/A,N/A,N/A,0,60,0,60
8219,12/9/2022 11:00,123456,lotno,10034,0,0,0,0,0,0,0,0,0,0,0,0,0,0,0,0,0,0,0,N/A,N/A,N/A,N/A,0,60,0,60
8220,12/9/2022 12:00,123456,lotno,10034,0,0,0,0,0,0,0,0,0,0,0,0,0,0,0,0,0,0,0,N/A,N/A,N/A,N/A,0,60,0,60
8221,12/9/2022 13:00,123456,lotno,10034,0,0,0,0,0,0,0,0,0,0,0,0,0,0,0,0,0,0,0,N/A,N/A,N/A,N/A,0,60,0,60
8222,12/9/2022 14:00,123456,lotno,10034,0,0,0,0,0,0,0,0,0,0,0,0,0,0,0,0,0,0,0,N/A,N/A,N/A,N/A,0,60,0,60
8223,12/9/2022 15:00,123456,lotno,10034,0,0,0,0,0,0,0,0,0,0,0,0,0,0,0,0,0,0,0,N/A,N/A,N/A,N/A,0,60,0,60
8224,12/9/2022 16:00,123456,lotno,10034,0,0,0,0,0,0,0,0,0,0,0,0,0,0,0,0,0,0,0,N/A,N/A,N/A,N/A,0,60,0,60
8225,12/9/2022 17:00,123456,lotno,10034,0,0,0,0,0,0,0,0,0,0,0,0,0,0,0,0,0,0,0,N/A,N/A,N/A,N/A,0,60,0,60
8226,12/9/2022 18:00,123456,lotno,10034,0,0,0,0,0,0,0,0,0,0,0,0,0,0,0,0,0,0,0,N/A,N/A,N/A,N/A,0,60,0,60
8227,12/9/2022 19:00,123456,lotno,10034,0,0,0,0,0,0,0,0,0,0,0,0,0,0,0,0,0,0,0,N/A,N/A,N/A,N/A,0,60,0,60
8228,12/9/2022 20:00,123456,lotno,10034,0,0,0,0,0,0,0,0,0,0,0,0,0,0,0,0,0,0,0,N/A,N/A,N/A,N/A,0,60,0,60
8229,12/9/2022 21:00,123456,lotno,10034,0,0,0,0,0,0,0,0,0,0,0,0,0,0,0,0,0,0,0,N/A,N/A,N/A,N/A,0,60,0,60
8230,12/9/2022 22:00,123456,lotno,10034,0,0,0,0,0,0,0,0,0,0,0,0,0,0,0,0,0,0,0,N/A,N/A,N/A,N/A,0,60,0,60
8231,12/9/2022 23:00,123456,lotno,10034,0,0,0,0,0,0,0,0,0,0,0,0,0,0,0,0,0,0,0,N/A,N/A,N/A,N/A,0,60,0,60
8232,12/10/2022 0:00,123456,lotno,10034,0,0,0,0,0,0,0,0,0,0,0,0,0,0,0,0,0,0,0,N/A,N/A,N/A,N/A,0,60,0,60
8233,12/10/2022 1:00,123456,lotno,10034,0,0,0,0,0,0,0,0,0,0,0,0,0,0,0,0,0,0,0,N/A,N/A,N/A,N/A,0,60,0,60
8234,12/10/2022 2:00,123456,lotno,10034,0,0,0,0,0,0,0,0,0,0,0,0,0,0,0,0,0,0,0,N/A,N/A,N/A,N/A,0,60,0,60
8235,12/10/2022 3:00,123456,lotno,10034,0,0,0,0,0,0,0,0,0,0,0,0,0,0,0,0,0,0,0,N/A,N/A,N/A,N/A,0,60,0,60
8236,12/10/2022 4:00,123456,lotno,10034,0,0,0,0,0,0,0,0,0,0,0,0,0,0,0,0,0,0,0,N/A,N/A,N/A,N/A,0,60,0,60
8237,12/10/2022 5:00,123456,lotno,10034,0,0,0,0,0,0,0,0,0,0,0,0,0,0,0,0,0,0,0,N/A,N/A,N/A,N/A,0,60,0,60
8238,12/10/2022 6:00,123456,lotno,10034,0,0,0,0,0,0,0,0,0,0,0,0,0,0,0,0,0,0,0,N/A,N/A,N/A,N/A,0,60,0,60
8239,12/10/2022 7:00,123456,lotno,10034,0,0,0,0,0,0,0,0,0,0,0,0,0,0,0,0,0,0,0,N/A,N/A,N/A,N/A,0,60,0,60
8240,12/10/2022 8:00,123456,lotno,10034,0,0,0,0,0,0,0,0,0,0,0,0,0,0,0,0,0,0,0,N/A,N/A,N/A,N/A,0,60,0,60
8241,12/10/2022 9:00,123456,lotno,10034,0,0,0,0,0,0,0,0,0,0,0,0,0,0,0,0,0,0,0,N/A,N/A,N/A,N/A,0,60,0,60
8242,12/10/2022 10:00,123456,lotno,10034,0,0,0,0,0,0,0,0,0,0,0,0,0,0,0,0,0,0,0,N/A,N/A,N/A,N/A,0,60,0,60
8243,12/10/2022 11:00,123456,lotno,10034,0,0,0,0,0,0,0,0,0,0,0,0,0,0,0,0,0,0,0,N/A,N/A,N/A,N/A,0,60,0,60
8244,12/10/2022 12:00,123456,lotno,10034,0,0,0,0,0,0,0,0,0,0,0,0,0,0,0,0,0,0,0,N/A,N/A,N/A,N/A,0,60,0,60
8245,12/10/2022 13:00,123456,lotno,10034,0,0,0,0,0,0,0,0,0,0,0,0,0,0,0,0,0,0,0,N/A,N/A,N/A,N/A,0,60,0,60
8246,12/10/2022 14:00,123456,lotno,10034,0,0,0,0,0,0,0,0,0,0,0,0,0,0,0,0,0,0,0,N/A,N/A,N/A,N/A,0,60,0,60
8247,12/10/2022 15:00,123456,lotno,10034,0,0,0,0,0,0,0,0,0,0,0,0,0,0,0,0,0,0,0,N/A,N/A,N/A,N/A,0,60,0,60
8248,12/10/2022 16:00,123456,lotno,10034,0,0,0,0,0,0,0,0,0,0,0,0,0,0,0,0,0,0,0,N/A,N/A,N/A,N/A,0,60,0,60
8249,12/10/2022 17:00,123456,lotno,10034,0,0,0,0,0,0,0,0,0,0,0,0,0,0,0,0,0,0,0,N/A,N/A,N/A,N/A,0,60,0,60
8250,12/10/2022 18:00,123456,lotno,10034,0,0,0,0,0,0,0,0,0,0,0,0,0,0,0,0,0,0,0,N/A,N/A,N/A,N/A,0,60,0,60
8251,12/10/2022 19:00,123456,lotno,10034,0,0,0,0,0,0,0,0,0,0,0,0,0,0,0,0,0,0,0,N/A,N/A,N/A,N/A,0,60,0,60
8252,12/10/2022 20:00,123456,lotno,10034,0,0,0,0,0,0,0,0,0,0,0,0,0,0,0,0,0,0,0,N/A,N/A,N/A,N/A,0,60,0,60
8253,12/10/2022 21:00,123456,lotno,10034,0,0,0,0,0,0,0,0,0,0,0,0,0,0,0,0,0,0,0,N/A,N/A,N/A,N/A,0,60,0,60
8254,12/10/2022 22:00,123456,lotno,10034,0,0,0,0,0,0,0,0,0,0,0,0,0,0,0,0,0,0,0,N/A,N/A,N/A,N/A,0,60,0,60
8255,12/10/2022 23:00,123456,lotno,10034,0,0,0,0,0,0,0,0,0,0,0,0,0,0,0,0,0,0,0,N/A,N/A,N/A,N/A,0,60,0,60
8256,12/11/2022 0:00,123456,lotno,10034,0,0,0,0,0,0,0,0,0,0,0,0,0,0,0,0,0,0,0,N/A,N/A,N/A,N/A,0,60,0,60
8257,12/11/2022 1:00,123456,lotno,10034,0,0,0,0,0,0,0,0,0,0,0,0,0,0,0,0,0,0,0,N/A,N/A,N/A,N/A,0,60,0,60
8258,12/11/2022 2:00,123456,lotno,10034,0,0,0,0,0,0,0,0,0,0,0,0,0,0,0,0,0,0,0,N/A,N/A,N/A,N/A,0,60,0,60
8259,12/11/2022 3:00,123456,lotno,10034,0,0,0,0,0,0,0,0,0,0,0,0,0,0,0,0,0,0,0,N/A,N/A,N/A,N/A,0,60,0,60
8260,12/11/2022 4:00,123456,lotno,10034,0,0,0,0,0,0,0,0,0,0,0,0,0,0,0,0,0,0,0,N/A,N/A,N/A,N/A,0,60,0,60
8261,12/11/2022 5:00,123456,lotno,10034,0,0,0,0,0,0,0,0,0,0,0,0,0,0,0,0,0,0,0,N/A,N/A,N/A,N/A,0,60,0,60
8262,12/11/2022 6:00,123456,lotno,10034,0,0,0,0,0,0,0,0,0,0,0,0,0,0,0,0,0,0,0,N/A,N/A,N/A,N/A,0,60,0,60
8263,12/11/2022 7:00,123456,lotno,10034,0,0,0,0,0,0,0,0,0,0,0,0,0,0,0,0,0,0,0,N/A,N/A,N/A,N/A,0,60,0,60
8264,12/11/2022 8:00,123456,lotno,10034,0,0,0,0,0,0,0,0,0,0,0,0,0,0,0,0,0,0,0,N/A,N/A,N/A,N/A,0,60,0,60
8265,12/11/2022 9:00,123456,lotno,10034,0,0,0,0,0,0,0,0,0,0,0,0,0,0,0,0,0,0,0,N/A,N/A,N/A,N/A,0,60,0,60
8266,12/11/2022 10:00,123456,lotno,10034,0,0,0,0,0,0,0,0,0,0,0,0,0,0,0,0,0,0,0,N/A,N/A,N/A,N/A,0,60,0,60
8267,12/11/2022 11:00,123456,lotno,10034,0,0,0,0,0,0,0,0,0,0,0,0,0,0,0,0,0,0,0,N/A,N/A,N/A,N/A,0,60,0,60
8268,12/11/2022 12:00,123456,lotno,10034,0,0,0,0,0,0,0,0,0,0,0,0,0,0,0,0,0,0,0,N/A,N/A,N/A,N/A,0,60,0,60
8269,12/11/2022 13:00,123456,lotno,10034,0,0,0,0,0,0,0,0,0,0,0,0,0,0,0,0,0,0,0,N/A,N/A,N/A,N/A,0,60,0,60
8270,12/11/2022 14:00,123456,lotno,10034,0,0,0,0,0,0,0,0,0,0,0,0,0,0,0,0,0,0,0,N/A,N/A,N/A,N/A,0,60,0,60
8271,12/11/2022 15:00,123456,lotno,10034,0,0,0,0,0,0,0,0,0,0,0,0,0,0,0,0,0,0,0,N/A,N/A,N/A,N/A,0,60,0,60
8272,12/11/2022 16:00,123456,lotno,10034,0,0,0,0,0,0,0,0,0,0,0,0,0,0,0,0,0,0,0,N/A,N/A,N/A,N/A,0,60,0,60
8273,12/11/2022 17:00,123456,lotno,10034,0,0,0,0,0,0,0,0,0,0,0,0,0,0,0,0,0,0,0,N/A,N/A,N/A,N/A,0,60,0,60
8274,12/11/2022 18:00,123456,lotno,10034,0,0,0,0,0,0,0,0,0,0,0,0,0,0,0,0,0,0,0,N/A,N/A,N/A,N/A,0,60,0,60
8275,12/11/2022 19:00,123456,lotno,10034,0,0,0,0,0,0,0,0,0,0,0,0,0,0,0,0,0,0,0,N/A,N/A,N/A,N/A,0,60,0,60
8276,12/11/2022 20:00,123456,lotno,10034,0,0,0,0,0,0,0,0,0,0,0,0,0,0,0,0,0,0,0,N/A,N/A,N/A,N/A,0,60,0,60
8277,12/11/2022 21:00,123456,lotno,10034,0,0,0,0,0,0,0,0,0,0,0,0,0,0,0,0,0,0,0,N/A,N/A,N/A,N/A,0,60,0,60
8278,12/11/2022 22:00,123456,lotno,10034,0,0,0,0,0,0,0,0,0,0,0,0,0,0,0,0,0,0,0,N/A,N/A,N/A,N/A,0,60,0,60
8279,12/11/2022 23:00,123456,lotno,10034,0,0,0,0,0,0,0,0,0,0,0,0,0,0,0,0,0,0,0,N/A,N/A,N/A,N/A,0,60,0,60
8280,12/12/2022 0:00,123456,lotno,10034,0,0,0,0,0,0,0,0,0,0,0,0,0,0,0,0,0,0,0,N/A,N/A,N/A,N/A,0,60,0,60
8281,12/12/2022 1:00,123456,lotno,10034,0,0,0,0,0,0,0,0,0,0,0,0,0,0,0,0,0,0,0,N/A,N/A,N/A,N/A,0,60,0,60
8282,12/12/2022 2:00,123456,lotno,10034,0,0,0,0,0,0,0,0,0,0,0,0,0,0,0,0,0,0,0,N/A,N/A,N/A,N/A,0,60,0,60
8283,12/12/2022 3:00,123456,lotno,10034,0,0,0,0,0,0,0,0,0,0,0,0,0,0,0,0,0,0,0,N/A,N/A,N/A,N/A,0,60,0,60
8284,12/12/2022 4:00,123456,lotno,10034,0,0,0,0,0,0,0,0,0,0,0,0,0,0,0,0,0,0,0,N/A,N/A,N/A,N/A,0,60,0,60
8285,12/12/2022 5:00,123456,lotno,10034,0,0,0,0,0,0,0,0,0,0,0,0,0,0,0,0,0,0,0,N/A,N/A,N/A,N/A,0,60,0,60
8286,12/12/2022 6:00,123456,lotno,10034,0,0,0,0,0,0,0,0,0,0,0,0,0,0,0,0,0,0,0,N/A,N/A,N/A,N/A,0,60,0,60
8287,12/12/2022 7:00,123456,lotno,10034,0,0,0,0,0,0,0,0,0,0,0,0,0,0,0,0,0,0,0,N/A,N/A,N/A,N/A,0,60,0,60
8288,12/12/2022 8:00,123456,lotno,10034,0,0,0,0,0,0,0,0,0,0,0,0,0,0,0,0,0,0,0,N/A,N/A,N/A,N/A,0,60,0,60
8289,12/12/2022 9:00,123456,lotno,10034,0,0,0,0,0,0,0,0,0,0,0,0,0,0,0,0,0,0,0,N/A,N/A,N/A,N/A,0,60,0,60
8290,12/12/2022 10:00,123456,lotno,10034,0,0,0,0,0,0,0,0,0,0,0,0,0,0,0,0,0,0,0,N/A,N/A,N/A,N/A,0,60,0,60
8291,12/12/2022 11:00,123456,lotno,10034,0,0,0,0,0,0,0,0,0,0,0,0,0,0,0,0,0,0,0,N/A,N/A,N/A,N/A,0,60,0,60
8292,12/12/2022 12:00,123456,lotno,10034,0,0,0,0,0,0,0,0,0,0,0,0,0,0,0,0,0,0,0,N/A,N/A,N/A,N/A,0,60,0,60
8293,12/12/2022 13:00,123456,lotno,10034,0,0,0,0,0,0,0,0,0,0,0,0,0,0,0,0,0,0,0,N/A,N/A,N/A,N/A,0,60,0,60
8294,12/12/2022 14:00,123456,lotno,10034,0,0,0,0,0,0,0,0,0,0,0,0,0,0,0,0,0,0,0,N/A,N/A,N/A,N/A,0,60,0,60
8295,12/12/2022 15:00,123456,lotno,102,102,3,1,0,1,1,1,0,2,0,1,0,100,0,1,0,0,0,0,N/A,N/A,N/A,N/A,9.75,27,0,27
8296,12/12/2022 16:00,123456,lotno,319,181,1,0,1,1,1,5,0,1,0,4,0,150,0,2,0,0,0,0,N/A,N/A,N/A,N/A,11.75,5,3,2
8297,12/12/2022 17:00,123456,lotno,503,184,1,0,0,2,1,1,0,0,0,1,0,135,0,0,0,0,0,0,N/A,N/A,N/A,N/A,4.5,7,0,7
8298,12/12/2022 18:00,123456,lotno,715,212,5,0,0,0,0,0,0,0,0,2,0,189,0,0,0,0,0,0,N/A,N/A,N/A,N/A,7,0,0,0
8299,12/12/2022 19:00,123456,lotno,908,193,3,0,1,0,0,0,0,0,0,0,0,156,0,0,0,0,0,0,N/A,N/A,N/A,N/A,4,5,0,5
8300,12/12/2022 20:00,123456,lotno,1110,202,0,0,0,1,0,2,0,0,0,0,0,171,0,0,0,0,0,0,N/A,N/A,N/A,N/A,1.25,0,0,0
8301,12/12/2022 21:00,123456,lotno,1327,217,0,0,0,0,0,0,0,0,0,1,0,186,0,0,0,0,0,0,N/A,N/A,N/A,N/A,1,0,0,0
8302,12/12/2022 22:00,123456,lotno,1504,177,0,0,0,2,3,5,0,0,4,0,0,161,1,0,0,0,0,0,N/A,N/A,N/A,N/A,9.75,11,0,11
8303,12/12/2022 23:00,123456,lotno,1718,214,0,0,0,0,0,0,0,0,0,0,0,180,0,0,0,0,0,0,N/A,N/A,N/A,N/A,0,1,0,1
8304,12/13/2022 0:00,123456,lotno,1901,183,1,0,0,4,2,0,0,0,0,0,0,157,1,1,0,0,0,0,N/A,N/A,N/A,N/A,7.25,9,0,9
8305,12/13/2022 1:00,123456,lotno,1901,0,1,0,0,0,0,0,0,0,0,0,0,0,0,0,0,0,0,0,N/A,N/A,N/A,N/A,1,59,0,59
8306,12/13/2022 2:00,123456,lotno,2091,190,22,0,3,0,0,0,0,0,0,0,0,148,0,0,0,0,0,2,N/A,N/A,N/A,N/A,25,0,0,0
8307,12/13/2022 3:00,123456,lotno,2242,151,19,0,0,0,0,1,0,0,0,3,0,136,0,0,0,0,0,0,N/A,N/A,N/A,N/A,22.25,0,0,0
8308,12/13/2022 4:00,123456,lotno,2242,0,0,0,0,0,0,0,0,0,0,0,0,0,0,0,0,0,0,0,N/A,N/A,N/A,N/A,0,0,0,0
8309,12/13/2022 5:00,123456,lotno,2242,0,0,0,0,0,0,0,0,0,0,0,0,0,0,0,0,0,0,0,N/A,N/A,N/A,N/A,0,0,0,0
8310,12/13/2022 6:00,123456,lotno,2242,0,0,0,0,0,0,0,0,0,0,0,0,0,0,0,0,0,0,0,N/A,N/A,N/A,N/A,0,0,0,0
8311,12/13/2022 7:00,123456,lotno,2245,3,3,0,0,0,0,0,0,0,0,0,0,0,0,0,0,0,0,0,N/A,N/A,N/A,N/A,3,0,0,0
8312,12/13/2022 8:00,123456,lotno,2419,174,13,0,1,2,1,0,0,0,0,2,0,130,0,0,0,0,0,0,N/A,N/A,N/A,N/A,18.25,7,0,7
8313,12/13/2022 9:00,123456,lotno,2623,204,9,0,1,0,0,0,0,0,0,4,0,158,0,0,0,0,0,0,N/A,N/A,N/A,N/A,14,0,0,0
8314,12/13/2022 10:00,123456,lotno,2831,208,8,0,0,2,2,0,0,0,0,0,0,148,1,0,0,0,0,0,N/A,N/A,N/A,N/A,11.75,0,0,0
8315,12/13/2022 11:00,123456,lotno,3023,192,8,0,1,0,0,0,0,0,0,0,0,141,0,0,0,0,0,2,N/A,N/A,N/A,N/A,9,3,3,0
8316,12/13/2022 12:00,123456,lotno,3220,197,16,2,0,0,1,0,0,0,0,3,0,155,0,0,0,0,0,0,N/A,N/A,N/A,N/A,21.75,0,0,0
8317,12/13/2022 13:00,123456,lotno,3434,214,5,0,0,0,0,0,0,0,0,1,0,167,0,0,0,0,0,0,N/A,N/A,N/A,N/A,6,0,0,0
8318,12/13/2022 14:00,123456,lotno,3643,209,4,0,0,3,2,0,0,0,0,1,0,168,1,0,0,0,0,0,N/A,N/A,N/A,N/A,9.5,0,0,0
8319,12/13/2022 15:00,123456,lotno,3801,158,15,0,0,3,3,0,0,0,0,3,0,123,0,0,0,0,0,0,N/A,N/A,N/A,N/A,22.5,8,0,8
8320,12/13/2022 16:00,123456,lotno,4002,201,1,0,0,3,4,2,0,0,0,1,0,176,1,0,0,0,0,1,N/A,N/A,N/A,N/A,8.5,2,0,2
8321,12/13/2022 17:00,123456,lotno,4193,191,4,0,0,4,2,3,0,0,0,1,0,168,0,1,0,0,0,0,N/A,N/A,N/A,N/A,11.25,1,0,1
8322,12/13/2022 18:00,123456,lotno,4394,201,0,0,0,2,3,2,0,0,0,0,0,143,1,0,0,0,0,0,N/A,N/A,N/A,N/A,5,4,0,4
8323,12/13/2022 19:00,123456,lotno,4592,198,0,0,0,0,0,0,0,0,0,0,0,161,0,0,0,0,0,0,N/A,N/A,N/A,N/A,0,6,0,6
8324,12/13/2022 20:00,123456,lotno,4759,167,1,0,0,0,0,0,0,0,0,0,0,143,0,0,0,0,0,0,N/A,N/A,N/A,N/A,1,14,7,7
8325,12/13/2022 21:00,123456,lotno,4832,73,34,2,2,2,3,1,0,0,0,0,0,57,1,0,0,0,0,0,N/A,N/A,N/A,N/A,42.75,9,5,4
8326,12/13/2022 22:00,123456,lotno,4997,165,27,1,1,1,0,1,0,0,0,0,0,115,0,0,0,0,0,0,N/A,N/A,N/A,N/A,30,6,0,6
8327,12/13/2022 23:00,123456,lotno,5141,144,19,1,1,0,0,1,0,0,0,1,0,100,0,0,0,0,0,0,N/A,N/A,N/A,N/A,22.25,0,0,0
8328,12/14/2022 0:00,123456,lotno,5275,134,29,1,0,1,0,0,0,0,0,0,0,122,0,0,0,0,0,0,N/A,N/A,N/A,N/A,30.75,3,0,3
8329,12/14/2022 1:00,123456,lotno,5466,191,7,0,0,3,2,2,0,0,0,3,0,170,1,0,0,0,0,0,N/A,N/A,N/A,N/A,15,0,0,0
8330,12/14/2022 2:00,123456,lotno,5662,196,10,2,0,0,1,0,0,0,0,2,0,167,0,0,0,0,0,0,N/A,N/A,N/A,N/A,14.75,0,0,0
8331,12/14/2022 3:00,123456,lotno,5851,189,9,0,0,0,1,1,0,0,0,1,0,175,0,0,0,0,0,0,N/A,N/A,N/A,N/A,11,0,0,0
8332,12/14/2022 4:00,123456,lotno,6029,178,21,0,0,0,0,0,0,0,0,0,0,143,0,0,0,0,0,0,N/A,N/A,N/A,N/A,21,0,0,0
8333,12/14/2022 5:00,123456,lotno,6122,93,14,0,1,0,0,0,0,0,0,0,0,71,0,0,0,0,0,0,N/A,N/A,N/A,N/A,15,0,0,0
8334,12/14/2022 6:00,123456,lotno,6122,0,0,0,0,0,0,0,0,0,0,0,0,0,0,0,0,0,0,0,N/A,N/A,N/A,N/A,0,0,0,0
8335,12/14/2022 7:00,123456,lotno,6160,38,15,0,4,6,5,1,0,0,0,0,0,17,1,0,0,0,0,0,N/A,N/A,N/A,N/A,28.25,0,0,0
8336,12/14/2022 8:00,123456,lotno,6294,134,20,2,5,0,1,0,0,0,0,2,0,113,0,0,0,0,0,0,N/A,N/A,N/A,N/A,29.75,7,0,7
8337,12/14/2022 9:00,123456,lotno,6482,188,5,1,1,0,1,0,0,0,0,0,0,133,0,0,0,0,0,0,N/A,N/A,N/A,N/A,7.75,1,0,1
8338,12/14/2022 10:00,123456,lotno,6657,175,11,0,5,0,0,1,0,0,0,3,1,162,0,0,0,0,0,0,N/A,N/A,N/A,N/A,19.25,0,0,0
8339,12/14/2022 11:00,123456,lotno,6819,162,9,0,2,0,0,2,0,0,0,0,0,148,0,0,0,0,0,0,N/A,N/A,N/A,N/A,11.5,2,2,0
8340,12/14/2022 12:00,123456,lotno,6944,125,17,0,0,0,0,0,0,0,0,4,0,114,0,1,0,0,0,0,N/A,N/A,N/A,N/A,22,10,9,1
8341,12/14/2022 13:00,123456,lotno,7107,163,10,1,0,0,0,0,0,0,0,1,1,119,0,0,0,0,0,0,N/A,N/A,N/A,N/A,12,2,2,0
8342,12/14/2022 14:00,123456,lotno,7282,175,2,0,0,4,3,0,0,0,0,0,0,154,0,0,0,0,0,0,N/A,N/A,N/A,N/A,7.25,5,0,5
8343,12/14/2022 15:00,123456,lotno,7488,206,3,0,0,0,0,3,0,0,0,1,0,184,0,0,0,0,0,0,N/A,N/A,N/A,N/A,4.75,0,0,0
8344,12/14/2022 16:00,123456,lotno,7692,204,8,0,0,0,0,0,0,0,0,0,0,184,0,0,0,0,0,0,N/A,N/A,N/A,N/A,8,0,0,0
8345,12/14/2022 17:00,123456,lotno,7894,202,1,1,0,0,0,0,0,0,0,1,0,179,0,0,0,0,0,0,N/A,N/A,N/A,N/A,3,0,0,0
8346,12/14/2022 18:00,123456,lotno,8102,208,2,0,1,0,0,1,0,0,0,0,0,175,0,0,0,0,0,1,N/A,N/A,N/A,N/A,3.25,0,0,0
8347,12/14/2022 19:00,123456,lotno,8314,212,0,0,1,0,0,0,0,0,0,0,0,173,0,0,0,0,0,0,N/A,N/A,N/A,N/A,1,0,0,0
8348,12/14/2022 20:00,123456,lotno,8453,139,3,0,0,0,0,0,0,0,0,3,0,133,0,0,0,0,0,0,N/A,N/A,N/A,N/A,6,18,0,18
8349,12/14/2022 21:00,123456,lotno,8653,200,0,0,0,0,0,1,0,0,0,2,0,162,0,0,0,0,0,0,N/A,N/A,N/A,N/A,2.25,0,0,0
8350,12/14/2022 22:00,123456,lotno,8864,211,1,0,0,0,0,0,0,0,0,0,0,189,0,0,0,0,0,0,N/A,N/A,N/A,N/A,1,0,0,0
8351,12/14/2022 23:00,123456,lotno,9075,211,1,0,0,0,0,0,0,0,0,0,0,187,0,0,0,0,0,0,N/A,N/A,N/A,N/A,1,0,0,0
8352,12/15/2022 0:00,123456,lotno,9282,207,0,0,0,0,1,2,0,0,0,1,0,185,0,0,0,0,0,0,N/A,N/A,N/A,N/A,2.25,0,0,0
8353,12/15/2022 1:00,123456,lotno,9453,171,0,0,0,0,0,1,0,0,0,1,0,123,0,0,0,0,0,0,N/A,N/A,N/A,N/A,1.25,2,2,0
8354,12/15/2022 2:00,123456,lotno,9562,109,0,0,1,2,3,2,0,0,0,1,0,79,1,0,0,0,0,0,N/A,N/A,N/A,N/A,7,27,0,27
8355,12/15/2022 3:00,123456,lotno,9562,0,0,0,0,0,0,0,0,0,0,0,0,0,0,0,0,0,0,0,N/A,N/A,N/A,N/A,0,60,0,60
8356,12/15/2022 4:00,123456,lotno,N/A,N/A,N/A,N/A,N/A,N/A,N/A,N/A,N/A,N/A,N/A,N/A,N/A,N/A,N/A,N/A,N/A,N/A,N/A,N/A,N/A,N/A,N/A,N/A,N/A,N/A,N/A,N/A
8357,12/15/2022 5:00,123456,lotno,N/A,N/A,N/A,N/A,N/A,N/A,N/A,N/A,N/A,N/A,N/A,N/A,N/A,N/A,N/A,N/A,N/A,N/A,N/A,N/A,N/A,N/A,N/A,N/A,N/A,N/A,N/A,N/A
8358,12/15/2022 6:00,123456,lotno,9562,0,0,0,0,0,0,0,0,0,0,0,0,0,0,0,0,0,0,0,N/A,N/A,N/A,N/A,0,60,0,60
8359,12/15/2022 7:00,123456,lotno,9579,17,1,0,1,0,0,1,0,0,0,0,0,15,0,0,0,0,0,0,N/A,N/A,N/A,N/A,2.25,50,0,50
8360,12/15/2022 8:00,123456,lotno,9750,171,0,0,2,0,0,0,0,0,0,2,0,152,0,0,0,0,0,0,N/A,N/A,N/A,N/A,4,1,0,1
8361,12/15/2022 9:00,123456,lotno,9780,30,0,0,1,0,0,0,0,0,0,0,0,24,0,0,0,0,0,0,N/A,N/A,N/A,N/A,1,51,0,51
8362,12/15/2022 10:00,123456,lotno,9938,158,7,2,2,3,6,1,0,0,0,0,0,132,1,0,0,0,0,0,N/A,N/A,N/A,N/A,18.75,7,3,4
8363,12/15/2022 11:00,123456,lotno,105,192,0,0,0,0,0,0,0,0,0,0,0,177,0,0,0,0,2,0,N/A,N/A,N/A,N/A,0,0,0,0
8364,12/15/2022 12:00,123456,lotno,540,196,0,0,0,1,0,0,0,0,0,4,0,177,0,0,0,0,0,0,N/A,N/A,N/A,N/A,4.75,0,0,0
8365,12/15/2022 13:00,123456,lotno,755,215,0,0,0,0,1,0,0,0,0,2,0,196,0,0,0,0,0,0,N/A,N/A,N/A,N/A,2.75,0,0,0
8366,12/15/2022 14:00,123456,lotno,958,203,1,0,0,0,1,2,0,0,0,4,0,182,0,0,0,0,0,0,N/A,N/A,N/A,N/A,6.25,0,0,0
8367,12/15/2022 15:00,123456,lotno,1110,152,0,0,0,13,12,3,0,0,0,0,0,144,3,4,1,0,0,0,N/A,N/A,N/A,N/A,26.75,0,0,0
8368,12/15/2022 16:00,123456,lotno,1301,191,0,0,0,1,4,5,0,0,0,2,0,177,0,0,0,0,0,0,N/A,N/A,N/A,N/A,7,0,0,0
8369,12/15/2022 17:00,123456,lotno,1513,212,1,0,0,0,0,1,0,0,0,3,0,196,0,0,0,0,0,0,N/A,N/A,N/A,N/A,4.25,0,0,0
8370,12/15/2022 18:00,123456,lotno,1697,184,0,0,0,3,2,3,0,0,0,4,0,171,1,0,0,0,0,0,N/A,N/A,N/A,N/A,9.25,7,0,7
8371,12/15/2022 19:00,123456,lotno,1913,216,0,0,0,0,0,0,0,0,0,1,0,208,0,0,0,0,0,0,N/A,N/A,N/A,N/A,1,0,0,0
8372,12/15/2022 20:00,123456,lotno,2082,169,6,1,0,0,0,2,0,0,0,3,0,160,0,0,0,0,3,0,N/A,N/A,N/A,N/A,10.5,10,9,1
8373,12/15/2022 21:00,123456,lotno,2297,215,0,1,0,0,0,0,0,0,0,1,0,198,0,0,0,0,0,0,N/A,N/A,N/A,N/A,2,0,0,0
8374,12/15/2022 22:00,123456,lotno,2513,216,0,0,0,0,0,1,0,0,0,1,0,198,0,0,0,0,0,0,N/A,N/A,N/A,N/A,1.25,0,0,0
8375,12/15/2022 23:00,123456,lotno,2727,214,1,0,0,0,0,1,0,0,0,0,0,203,0,0,0,0,0,0,N/A,N/A,N/A,N/A,1.25,0,0,0
8376,12/16/2022 0:00,123456,lotno,2937,210,1,0,0,0,1,3,0,0,0,2,0,196,0,0,0,0,0,0,N/A,N/A,N/A,N/A,4.5,0,0,0
8377,12/16/2022 1:00,123456,lotno,3146,209,2,3,0,0,0,0,0,0,0,4,0,169,0,0,0,0,2,0,N/A,N/A,N/A,N/A,9,0,0,0
8378,12/16/2022 2:00,123456,lotno,3355,209,0,1,0,0,0,1,0,0,0,2,0,178,0,0,0,0,0,0,N/A,N/A,N/A,N/A,3.25,0,0,0
8379,12/16/2022 3:00,123456,lotno,3557,202,0,0,0,1,0,0,0,0,0,2,0,180,0,0,1,0,0,0,N/A,N/A,N/A,N/A,3.75,0,0,0
8380,12/16/2022 4:00,123456,lotno,3761,204,0,1,0,0,0,1,0,0,0,3,0,180,0,0,0,0,0,0,N/A,N/A,N/A,N/A,4.25,0,0,0
8381,12/16/2022 5:00,123456,lotno,3965,204,0,0,0,0,0,0,0,0,0,1,0,196,0,0,0,0,0,0,N/A,N/A,N/A,N/A,1,0,0,0
8382,12/16/2022 6:00,123456,lotno,4095,130,0,0,0,0,0,0,0,0,0,1,0,121,0,0,0,0,1,0,N/A,N/A,N/A,N/A,1,0,0,0
8383,12/16/2022 7:00,123456,lotno,4168,73,0,0,0,0,0,0,0,0,0,0,0,70,0,0,0,0,0,0,N/A,N/A,N/A,N/A,0,0,0,0
8384,12/16/2022 8:00,123456,lotno,4364,196,1,0,0,0,0,0,0,0,0,1,1,184,0,0,0,0,0,0,N/A,N/A,N/A,N/A,2,5,0,5
8385,12/16/2022 9:00,123456,lotno,4568,204,12,0,0,0,0,2,0,0,0,1,0,188,0,0,0,0,0,0,N/A,N/A,N/A,N/A,13.5,0,0,0
8386,12/16/2022 10:00,123456,lotno,4778,210,2,0,0,0,0,0,0,0,0,3,0,187,0,1,0,0,0,0,N/A,N/A,N/A,N/A,6,0,0,0
8387,12/16/2022 11:00,123456,lotno,4996,218,0,0,0,0,0,1,0,0,0,0,0,194,0,0,0,0,0,0,N/A,N/A,N/A,N/A,0.25,0,0,0
8388,12/16/2022 12:00,123456,lotno,5199,203,3,0,0,1,2,1,0,0,0,2,0,201,0,0,0,0,2,0,N/A,N/A,N/A,N/A,7.5,0,0,0
8389,12/16/2022 13:00,123456,lotno,5364,165,3,1,0,0,2,5,0,0,0,10,0,144,0,0,0,0,0,0,N/A,N/A,N/A,N/A,16.75,2,2,0
8390,12/16/2022 14:00,123456,lotno,5566,202,0,0,0,0,0,3,0,0,0,5,0,188,0,0,0,0,0,0,N/A,N/A,N/A,N/A,5.75,0,0,0
8391,12/16/2022 15:00,123456,lotno,5764,198,0,0,0,0,0,3,0,0,0,4,0,185,0,0,0,0,0,0,N/A,N/A,N/A,N/A,4.75,0,0,0
8392,12/16/2022 16:00,123456,lotno,5956,192,1,0,0,3,3,0,0,0,0,1,0,177,1,0,0,0,0,0,N/A,N/A,N/A,N/A,7.25,0,0,0
8393,12/16/2022 17:00,123456,lotno,6137,181,0,0,0,1,0,0,0,0,0,1,0,157,0,0,0,0,11,0,N/A,N/A,N/A,N/A,1.75,10,0,10
8394,12/16/2022 18:00,123456,lotno,6292,155,0,0,0,3,2,1,0,0,0,5,0,151,1,0,0,0,0,0,N/A,N/A,N/A,N/A,9.75,14,0,14
8395,12/16/2022 19:00,123456,lotno,6424,132,1,2,0,4,6,3,0,0,0,7,0,129,2,0,0,0,0,0,N/A,N/A,N/A,N/A,19.75,2,0,2
8396,12/16/2022 20:00,123456,lotno,6625,201,4,0,0,0,1,1,0,0,0,11,0,199,0,0,0,0,0,0,N/A,N/A,N/A,N/A,16,0,0,0
8397,12/16/2022 21:00,123456,lotno,6829,204,0,0,0,0,1,0,0,0,0,12,0,180,0,0,0,0,0,0,N/A,N/A,N/A,N/A,12.75,0,0,0
8398,12/16/2022 22:00,123456,lotno,7039,210,0,0,0,0,0,3,0,0,0,6,0,202,0,0,0,0,18,0,N/A,N/A,N/A,N/A,6.75,0,0,0
8399,12/16/2022 23:00,123456,lotno,7239,200,1,1,0,0,0,3,0,0,0,2,0,181,0,0,0,0,0,0,N/A,N/A,N/A,N/A,4.75,3,0,3
8400,12/17/2022 0:00,123456,lotno,7455,216,0,0,0,0,0,0,0,0,0,2,0,194,0,0,0,0,0,0,N/A,N/A,N/A,N/A,2,0,0,0
8401,12/17/2022 1:00,123456,lotno,7617,162,0,0,0,0,0,1,0,0,0,3,0,144,0,0,0,0,0,0,N/A,N/A,N/A,N/A,3.25,14,0,14
8402,12/17/2022 2:00,123456,lotno,7827,210,0,0,0,0,0,1,0,0,0,5,0,199,0,0,0,0,0,0,N/A,N/A,N/A,N/A,5.25,0,0,0
8403,12/17/2022 3:00,123456,lotno,7845,18,0,0,0,0,0,1,0,0,0,0,0,18,0,0,0,0,0,0,N/A,N/A,N/A,N/A,0.25,0,0,0
8404,12/17/2022 4:00,123456,lotno,7845,0,0,0,0,0,0,0,0,0,0,0,0,0,0,0,0,0,0,0,N/A,N/A,N/A,N/A,0,0,0,0
8405,12/17/2022 5:00,123456,lotno,7845,0,0,0,0,0,0,0,0,0,0,0,0,0,0,0,0,0,0,0,N/A,N/A,N/A,N/A,0,0,0,0
8406,12/17/2022 6:00,123456,lotno,7845,0,0,0,0,0,0,0,0,0,0,0,0,0,0,0,0,0,0,0,N/A,N/A,N/A,N/A,0,0,0,0
8407,12/17/2022 7:00,123456,lotno,8006,161,2,0,0,3,3,1,0,0,0,1,0,141,1,0,0,0,6,0,N/A,N/A,N/A,N/A,8.5,12,0,12
8408,12/17/2022 8:00,123456,lotno,8211,205,0,0,0,0,0,2,0,0,0,5,0,188,0,0,0,0,0,0,N/A,N/A,N/A,N/A,5.5,0,0,0
8409,12/17/2022 9:00,123456,lotno,8408,197,1,0,0,1,1,0,0,0,0,6,0,177,0,0,0,0,0,0,N/A,N/A,N/A,N/A,8.5,0,0,0
8410,12/17/2022 10:00,123456,lotno,8623,215,0,0,0,0,0,1,0,0,0,1,0,186,0,0,0,0,0,0,N/A,N/A,N/A,N/A,1.25,0,0,0
8411,12/17/2022 11:00,123456,lotno,8681,58,0,0,0,1,1,0,0,0,0,0,0,56,0,0,0,0,0,0,N/A,N/A,N/A,N/A,1.5,0,0,0
8412,12/17/2022 12:00,123456,lotno,8681,0,0,0,0,0,0,0,0,0,0,0,0,0,0,0,0,0,0,0,N/A,N/A,N/A,N/A,0,0,0,0
8413,12/17/2022 13:00,123456,lotno,8681,0,0,0,0,0,0,0,0,0,0,0,0,0,0,0,0,0,0,0,N/A,N/A,N/A,N/A,0,0,0,0
8414,12/17/2022 14:00,123456,lotno,8681,0,0,0,0,0,0,0,0,0,0,0,0,0,0,0,0,0,0,0,N/A,N/A,N/A,N/A,0,0,0,0
8415,12/17/2022 15:00,123456,lotno,8681,0,0,0,0,0,0,0,0,0,0,0,0,0,0,0,0,0,0,0,N/A,N/A,N/A,N/A,0,0,0,0
8416,12/17/2022 16:00,123456,lotno,8681,0,0,0,0,0,0,0,0,0,0,0,0,0,0,0,0,0,0,0,N/A,N/A,N/A,N/A,0,0,0,0
8417,12/17/2022 17:00,123456,lotno,8681,0,0,0,0,0,0,0,0,0,0,0,0,0,0,0,0,0,0,0,N/A,N/A,N/A,N/A,0,0,0,0
8418,12/17/2022 18:00,123456,lotno,8681,0,0,0,0,0,0,0,0,0,0,0,0,0,0,0,0,0,0,0,N/A,N/A,N/A,N/A,0,0,0,0
8419,12/17/2022 19:00,123456,lotno,8681,0,0,0,0,0,0,0,0,0,0,0,0,0,0,0,0,0,0,0,N/A,N/A,N/A,N/A,0,0,0,0
8420,12/17/2022 20:00,123456,lotno,8681,0,0,0,0,0,0,0,0,0,0,0,0,0,0,0,0,0,0,0,N/A,N/A,N/A,N/A,0,0,0,0
8421,12/17/2022 21:00,123456,lotno,8681,0,0,0,0,0,0,0,0,0,0,0,0,0,0,0,0,0,0,0,N/A,N/A,N/A,N/A,0,0,0,0
8422,12/17/2022 22:00,123456,lotno,8681,0,0,0,0,0,0,0,0,0,0,0,0,0,0,0,0,0,0,0,N/A,N/A,N/A,N/A,0,0,0,0
8423,12/17/2022 23:00,123456,lotno,8681,0,0,0,0,0,0,0,0,0,0,0,0,0,0,0,0,0,0,0,N/A,N/A,N/A,N/A,0,0,0,0
8424,12/18/2022 0:00,123456,lotno,8681,0,0,0,0,0,0,0,0,0,0,0,0,0,0,0,0,0,0,0,N/A,N/A,N/A,N/A,0,0,0,0
8425,12/18/2022 1:00,123456,lotno,8681,0,0,0,0,0,0,0,0,0,0,0,0,0,0,0,0,0,0,0,N/A,N/A,N/A,N/A,0,0,0,0
8426,12/18/2022 2:00,123456,lotno,8681,0,0,0,0,0,0,0,0,0,0,0,0,0,0,0,0,0,0,0,N/A,N/A,N/A,N/A,0,0,0,0
8427,12/18/2022 3:00,123456,lotno,8681,0,0,0,0,0,0,0,0,0,0,0,0,0,0,0,0,0,0,0,N/A,N/A,N/A,N/A,0,0,0,0
8428,12/18/2022 4:00,123456,lotno,8681,0,0,0,0,0,0,0,0,0,0,0,0,0,0,0,0,0,0,0,N/A,N/A,N/A,N/A,0,0,0,0
8429,12/18/2022 5:00,123456,lotno,8681,0,0,0,0,0,0,0,0,0,0,0,0,0,0,0,0,0,0,0,N/A,N/A,N/A,N/A,0,0,0,0
8430,12/18/2022 6:00,123456,lotno,8681,0,0,0,0,0,0,0,0,0,0,0,0,0,0,0,0,0,0,0,N/A,N/A,N/A,N/A,0,0,0,0
8431,12/18/2022 7:00,123456,lotno,8681,0,0,0,0,0,0,0,0,0,0,0,0,0,0,0,0,0,0,0,N/A,N/A,N/A,N/A,0,0,0,0
8432,12/18/2022 8:00,123456,lotno,8681,0,0,0,0,0,0,0,0,0,0,0,0,0,0,0,0,0,0,0,N/A,N/A,N/A,N/A,0,0,0,0
8433,12/18/2022 9:00,123456,lotno,8681,0,0,0,0,0,0,0,0,0,0,0,0,0,0,0,0,0,0,0,N/A,N/A,N/A,N/A,0,0,0,0
8434,12/18/2022 10:00,123456,lotno,8681,0,0,0,0,0,0,0,0,0,0,0,0,0,0,0,0,0,0,0,N/A,N/A,N/A,N/A,0,0,0,0
8435,12/18/2022 11:00,123456,lotno,8681,0,0,0,0,0,0,0,0,0,0,0,0,0,0,0,0,0,0,0,N/A,N/A,N/A,N/A,0,0,0,0
8436,12/18/2022 12:00,123456,lotno,8681,0,0,0,0,0,0,0,0,0,0,0,0,0,0,0,0,0,0,0,N/A,N/A,N/A,N/A,0,0,0,0
8437,12/18/2022 13:00,123456,lotno,8681,0,0,0,0,0,0,0,0,0,0,0,0,0,0,0,0,0,0,0,N/A,N/A,N/A,N/A,0,0,0,0
8438,12/18/2022 14:00,123456,lotno,8681,0,0,0,0,0,0,0,0,0,0,0,0,0,0,0,0,0,0,0,N/A,N/A,N/A,N/A,0,0,0,0
8439,12/18/2022 15:00,123456,lotno,8681,0,0,0,0,0,0,0,0,0,0,0,0,0,0,0,0,0,0,0,N/A,N/A,N/A,N/A,0,0,0,0
8440,12/18/2022 16:00,123456,lotno,8681,0,0,0,0,0,0,0,0,0,0,0,0,0,0,0,0,0,0,0,N/A,N/A,N/A,N/A,0,0,0,0
8441,12/18/2022 17:00,123456,lotno,8681,0,0,0,0,0,0,0,0,0,0,0,0,0,0,0,0,0,0,0,N/A,N/A,N/A,N/A,0,0,0,0
8442,12/18/2022 18:00,123456,lotno,8681,0,0,0,0,0,0,0,0,0,0,0,0,0,0,0,0,0,0,0,N/A,N/A,N/A,N/A,0,0,0,0
8443,12/18/2022 19:00,123456,lotno,8681,0,0,0,0,0,0,0,0,0,0,0,0,0,0,0,0,0,0,0,N/A,N/A,N/A,N/A,0,0,0,0
8444,12/18/2022 20:00,123456,lotno,8681,0,0,0,0,0,0,0,0,0,0,0,0,0,0,0,0,0,0,0,N/A,N/A,N/A,N/A,0,0,0,0
8445,12/18/2022 21:00,123456,lotno,8681,0,0,0,0,0,0,0,0,0,0,0,0,0,0,0,0,0,0,0,N/A,N/A,N/A,N/A,0,0,0,0
8446,12/18/2022 22:00,123456,lotno,8681,0,0,0,0,0,0,0,0,0,0,0,0,0,0,0,0,0,0,0,N/A,N/A,N/A,N/A,0,0,0,0
8447,12/18/2022 23:00,123456,lotno,8681,0,0,0,0,0,0,0,0,0,0,0,0,0,0,0,0,0,0,0,N/A,N/A,N/A,N/A,0,0,0,0
8448,12/19/2022 0:00,123456,lotno,8681,0,0,0,0,0,0,0,0,0,0,0,0,0,0,0,0,0,0,0,N/A,N/A,N/A,N/A,0,0,0,0
8449,12/19/2022 1:00,123456,lotno,8681,0,0,0,0,0,0,0,0,0,0,0,0,0,0,0,0,0,0,0,N/A,N/A,N/A,N/A,0,0,0,0
8450,12/19/2022 2:00,123456,lotno,8681,0,0,0,0,0,0,0,0,0,0,0,0,0,0,0,0,0,0,0,N/A,N/A,N/A,N/A,0,0,0,0
8451,12/19/2022 3:00,123456,lotno,8681,0,0,0,0,0,0,0,0,0,0,0,0,0,0,0,0,0,0,0,N/A,N/A,N/A,N/A,0,0,0,0
8452,12/19/2022 4:00,123456,lotno,8681,0,0,0,0,0,0,0,0,0,0,0,0,0,0,0,0,0,0,0,N/A,N/A,N/A,N/A,0,0,0,0
8453,12/19/2022 5:00,123456,lotno,8681,0,0,0,0,0,0,0,0,0,0,0,0,0,0,0,0,0,0,0,N/A,N/A,N/A,N/A,0,0,0,0
8454,12/19/2022 6:00,123456,lotno,8681,0,0,0,0,0,0,0,0,0,0,0,0,0,0,0,0,0,0,0,N/A,N/A,N/A,N/A,0,0,0,0
8455,12/19/2022 7:00,123456,lotno,8681,0,0,0,0,0,0,0,0,0,0,0,0,0,0,0,0,0,0,0,N/A,N/A,N/A,N/A,0,0,0,0
8456,12/19/2022 8:00,123456,lotno,8882,201,1,0,0,1,2,1,0,0,0,2,0,167,0,0,0,0,0,0,N/A,N/A,N/A,N/A,5.5,0,0,0
8457,12/19/2022 9:00,123456,lotno,8883,1,0,0,0,0,0,0,0,0,0,0,0,0,0,0,0,0,0,0,N/A,N/A,N/A,N/A,0,60,60,0
8458,12/19/2022 10:00,123456,lotno,9021,138,0,0,0,0,0,0,0,0,0,0,0,115,0,0,0,0,3,0,N/A,N/A,N/A,N/A,0,20,20,0
8459,12/19/2022 11:00,123456,lotno,9234,213,0,0,0,0,0,0,0,0,0,1,0,197,0,0,0,0,0,0,N/A,N/A,N/A,N/A,1,0,0,0
8460,12/19/2022 12:00,123456,lotno,9451,217,0,0,0,1,0,1,0,0,0,0,0,188,0,0,0,0,0,0,N/A,N/A,N/A,N/A,1,0,0,0
8461,12/19/2022 13:00,123456,lotno,9654,203,1,1,0,0,1,2,0,0,0,0,0,158,0,0,0,0,0,0,N/A,N/A,N/A,N/A,3.25,3,3,0
8462,12/19/2022 14:00,123456,lotno,9834,180,0,1,1,3,2,0,0,0,0,1,0,163,0,0,0,0,0,0,N/A,N/A,N/A,N/A,6.75,6,0,6
8463,12/19/2022 15:00,123456,lotno,10006,172,0,1,0,1,0,0,0,0,0,5,0,145,0,0,0,0,2,0,N/A,N/A,N/A,N/A,6.75,0,0,0
8464,12/19/2022 16:00,123456,lotno,10026,20,0,0,0,0,0,0,0,0,0,4,0,11,0,0,0,0,0,0,N/A,N/A,N/A,N/A,4,54,0,54
8465,12/19/2022 17:00,123456,lotno,10026,0,0,0,0,0,0,0,0,0,0,0,0,0,0,0,0,0,0,0,N/A,N/A,N/A,N/A,0,60,0,60
8466,12/19/2022 18:00,123456,lotno,10026,0,0,0,0,0,0,0,0,0,0,0,0,0,0,0,0,0,0,0,N/A,N/A,N/A,N/A,0,60,0,60
8467,12/19/2022 19:00,123456,lotno,10026,0,0,0,0,0,0,0,0,0,0,0,0,0,0,0,0,0,0,0,N/A,N/A,N/A,N/A,0,60,0,60
8468,12/19/2022 20:00,123456,lotno,10026,0,0,0,0,0,0,0,0,0,0,0,0,0,0,0,0,0,0,0,N/A,N/A,N/A,N/A,0,60,0,60
8469,12/19/2022 21:00,123456,lotno,10026,0,0,0,0,0,0,0,0,0,0,0,0,0,0,0,0,0,0,0,N/A,N/A,N/A,N/A,0,60,0,60
8470,12/19/2022 22:00,123456,lotno,10026,0,0,0,0,0,0,0,0,0,0,0,0,0,0,0,0,0,0,0,N/A,N/A,N/A,N/A,0,60,0,60
8471,12/19/2022 23:00,123456,lotno,10026,0,0,0,0,0,0,0,0,0,0,0,0,0,0,0,0,0,0,0,N/A,N/A,N/A,N/A,0,60,0,60
8472,12/20/2022 0:00,123456,lotno,10026,0,0,0,0,0,0,0,0,0,0,0,0,0,0,0,0,0,0,0,N/A,N/A,N/A,N/A,0,60,0,60
8473,12/20/2022 1:00,123456,lotno,10026,0,0,0,0,0,0,0,0,0,0,0,0,0,0,0,0,0,0,0,N/A,N/A,N/A,N/A,0,60,0,60
8474,12/20/2022 2:00,123456,lotno,10026,0,0,0,0,0,0,0,0,0,0,0,0,0,0,0,0,0,0,0,N/A,N/A,N/A,N/A,0,60,0,60
8475,12/20/2022 3:00,123456,lotno,10026,0,0,0,0,0,0,0,0,0,0,0,0,0,0,0,0,0,0,0,N/A,N/A,N/A,N/A,0,60,0,60
8476,12/20/2022 4:00,123456,lotno,10026,0,0,0,0,0,0,0,0,0,0,0,0,0,0,0,0,0,0,0,N/A,N/A,N/A,N/A,0,60,0,60
8477,12/20/2022 5:00,123456,lotno,10026,0,0,0,0,0,0,0,0,0,0,0,0,0,0,0,0,0,0,0,N/A,N/A,N/A,N/A,0,60,0,60
8478,12/20/2022 6:00,123456,lotno,10026,0,0,0,0,0,0,0,0,0,0,0,0,0,0,0,0,0,0,0,N/A,N/A,N/A,N/A,0,60,0,60
8479,12/20/2022 7:00,123456,lotno,10026,0,0,0,0,0,0,0,0,0,0,0,0,0,0,0,0,0,0,0,N/A,N/A,N/A,N/A,0,60,0,60
8480,12/20/2022 8:00,123456,lotno,10026,0,0,0,0,0,0,0,0,0,0,0,0,0,0,0,0,0,0,0,N/A,N/A,N/A,N/A,0,60,0,60
8481,12/20/2022 9:00,123456,lotno,10026,0,0,0,0,0,0,0,0,0,0,0,0,0,0,0,0,0,0,0,N/A,N/A,N/A,N/A,0,60,0,60
8482,12/20/2022 10:00,123456,lotno,10026,0,0,0,0,0,0,0,0,0,0,0,0,0,0,0,0,0,0,0,N/A,N/A,N/A,N/A,0,60,0,60
8483,12/20/2022 11:00,123456,lotno,10026,0,0,0,0,0,0,0,0,0,0,0,0,0,0,0,0,0,0,0,N/A,N/A,N/A,N/A,0,60,0,60
8484,12/20/2022 12:00,123456,lotno,10026,0,0,0,0,0,0,0,0,0,0,0,0,0,0,0,0,0,0,0,N/A,N/A,N/A,N/A,0,60,0,60
8485,12/20/2022 13:00,123456,lotno,10026,0,0,0,0,0,0,0,0,0,0,0,0,0,0,0,0,0,0,0,N/A,N/A,N/A,N/A,0,60,0,60
8486,12/20/2022 14:00,123456,lotno,10026,0,0,0,0,0,0,0,0,0,0,0,0,0,0,0,0,0,0,0,N/A,N/A,N/A,N/A,0,60,0,60
8487,12/20/2022 15:00,123456,lotno,10026,0,0,0,0,0,0,0,0,0,0,0,0,0,0,0,0,0,0,0,N/A,N/A,N/A,N/A,0,60,0,60
8488,12/20/2022 16:00,123456,lotno,10026,0,0,0,0,0,0,0,0,0,0,0,0,0,0,0,0,0,0,0,N/A,N/A,N/A,N/A,0,60,0,60
8489,12/20/2022 17:00,123456,lotno,10026,0,0,0,0,0,0,0,0,0,0,0,0,0,0,0,0,0,0,0,N/A,N/A,N/A,N/A,0,60,0,60
8490,12/20/2022 18:00,123456,lotno,10026,0,0,0,0,0,0,0,0,0,0,0,0,0,0,0,0,0,0,0,N/A,N/A,N/A,N/A,0,60,0,60
8491,12/20/2022 19:00,123456,lotno,10026,0,0,0,0,0,0,0,0,0,0,0,0,0,0,0,0,0,0,0,N/A,N/A,N/A,N/A,0,60,0,60
8492,12/20/2022 20:00,123456,lotno,10026,0,0,0,0,0,0,0,0,0,0,0,0,0,0,0,0,0,0,0,N/A,N/A,N/A,N/A,0,60,0,60
8493,12/20/2022 21:00,123456,lotno,10026,0,0,0,0,0,0,0,0,0,0,0,0,0,0,0,0,0,0,0,N/A,N/A,N/A,N/A,0,60,0,60
8494,12/20/2022 22:00,123456,lotno,10026,0,0,0,0,0,0,0,0,0,0,0,0,0,0,0,0,0,0,0,N/A,N/A,N/A,N/A,0,60,0,60
8495,12/20/2022 23:00,123456,lotno,10026,0,0,0,0,0,0,0,0,0,0,0,0,0,0,0,0,0,0,0,N/A,N/A,N/A,N/A,0,60,0,60
8496,12/21/2022 0:00,123456,lotno,10026,0,0,0,0,0,0,0,0,0,0,0,0,0,0,0,0,0,0,0,N/A,N/A,N/A,N/A,0,60,0,60
8497,12/21/2022 1:00,123456,lotno,10026,0,0,0,0,0,0,0,0,0,0,0,0,0,0,0,0,0,0,0,N/A,N/A,N/A,N/A,0,60,0,60
8498,12/21/2022 2:00,123456,lotno,10026,0,0,0,0,0,0,0,0,0,0,0,0,0,0,0,0,0,0,0,N/A,N/A,N/A,N/A,0,60,0,60
8499,12/21/2022 3:00,123456,lotno,10026,0,0,0,0,0,0,0,0,0,0,0,0,0,0,0,0,0,0,0,N/A,N/A,N/A,N/A,0,60,0,60
8500,12/21/2022 4:00,123456,lotno,10026,0,0,0,0,0,0,0,0,0,0,0,0,0,0,0,0,0,0,0,N/A,N/A,N/A,N/A,0,60,0,60
8501,12/21/2022 5:00,123456,lotno,10026,0,0,0,0,0,0,0,0,0,0,0,0,0,0,0,0,0,0,0,N/A,N/A,N/A,N/A,0,60,0,60
8502,12/21/2022 6:00,123456,lotno,10026,0,0,0,0,0,0,0,0,0,0,0,0,0,0,0,0,0,0,0,N/A,N/A,N/A,N/A,0,60,0,60
8503,12/21/2022 7:00,123456,lotno,10026,0,0,0,0,0,0,0,0,0,0,0,0,0,0,0,0,0,0,0,N/A,N/A,N/A,N/A,0,60,0,60
8504,12/21/2022 8:00,123456,lotno,10026,0,0,0,0,0,0,0,0,0,0,0,0,0,0,0,0,0,0,0,N/A,N/A,N/A,N/A,0,60,0,60
8505,12/21/2022 9:00,123456,lotno,10026,0,0,0,0,0,0,0,0,0,0,0,0,0,0,0,0,0,0,0,N/A,N/A,N/A,N/A,0,60,0,60
8506,12/21/2022 10:00,123456,lotno,10026,0,0,0,0,0,0,0,0,0,0,0,0,0,0,0,0,0,0,0,N/A,N/A,N/A,N/A,0,60,0,60
8507,12/21/2022 11:00,123456,lotno,10026,0,0,0,0,0,0,0,0,0,0,0,0,0,0,0,0,0,0,0,N/A,N/A,N/A,N/A,0,60,0,60
8508,12/21/2022 12:00,123456,lotno,120,120,2,0,0,0,0,2,0,0,0,1,0,89,0,0,0,0,0,0,N/A,N/A,N/A,N/A,3.5,25,0,25
8509,12/21/2022 13:00,123456,lotno,251,131,0,0,0,1,0,1,0,0,0,2,0,115,0,0,0,0,0,0,N/A,N/A,N/A,N/A,3,0,0,0
8510,12/21/2022 14:00,123456,lotno,459,208,0,0,0,2,2,0,0,0,0,1,0,183,0,0,0,0,0,0,N/A,N/A,N/A,N/A,4,0,0,0
8511,12/21/2022 15:00,123456,lotno,662,203,0,0,0,3,3,2,0,0,0,1,0,189,0,2,0,0,0,0,N/A,N/A,N/A,N/A,8,3,0,3
8512,12/21/2022 16:00,123456,lotno,876,214,0,0,0,0,0,2,0,0,0,2,0,206,0,0,0,0,0,0,N/A,N/A,N/A,N/A,2.5,0,0,0
8513,12/21/2022 17:00,123456,lotno,1091,215,1,0,0,0,0,1,0,0,0,3,0,181,0,0,0,0,0,0,N/A,N/A,N/A,N/A,4.25,0,0,0
8514,12/21/2022 18:00,123456,lotno,1283,192,0,0,0,3,3,1,0,0,0,5,0,120,1,0,0,0,0,0,N/A,N/A,N/A,N/A,10.5,5,0,5
8515,12/21/2022 19:00,123456,lotno,1492,209,0,2,0,0,0,1,0,0,0,5,0,183,0,0,0,0,0,0,N/A,N/A,N/A,N/A,7.25,0,0,0
8516,12/21/2022 20:00,123456,lotno,1660,168,2,0,0,2,3,1,0,0,0,5,0,155,1,0,0,0,0,0,N/A,N/A,N/A,N/A,11.75,10,0,10
8517,12/21/2022 21:00,123456,lotno,1757,97,0,0,0,0,0,0,0,0,0,3,0,82,0,0,0,0,0,0,N/A,N/A,N/A,N/A,3,0,0,0
8518,12/21/2022 22:00,123456,lotno,1928,171,1,0,0,0,1,1,0,0,0,1,0,138,0,0,0,0,0,0,N/A,N/A,N/A,N/A,3,13,0,13
8519,12/21/2022 23:00,123456,lotno,2106,178,1,0,0,2,4,2,0,0,0,2,0,140,1,0,0,0,10,0,N/A,N/A,N/A,N/A,8.75,9,0,9
8520,12/22/2022 0:00,123456,lotno,2324,218,0,0,0,0,0,0,0,0,0,0,0,175,0,0,0,0,0,0,N/A,N/A,N/A,N/A,0,0,0,0
8521,12/22/2022 1:00,123456,lotno,2513,189,2,0,0,2,4,0,0,0,0,0,0,161,1,0,0,0,0,0,N/A,N/A,N/A,N/A,7.25,3,0,3
8522,12/22/2022 2:00,123456,lotno,2722,209,1,1,0,0,0,1,0,0,0,1,0,160,0,0,0,0,0,0,N/A,N/A,N/A,N/A,3.25,1,1,0
8523,12/22/2022 3:00,123456,lotno,2937,215,0,0,0,0,0,2,0,0,0,0,0,208,0,0,0,0,0,0,N/A,N/A,N/A,N/A,0.5,0,0,0
8524,12/22/2022 4:00,123456,lotno,3152,215,0,0,0,0,1,1,0,0,0,0,0,198,0,1,0,0,2,0,N/A,N/A,N/A,N/A,2,0,0,0
8525,12/22/2022 5:00,123456,lotno,3367,215,1,0,0,0,0,3,0,0,0,0,0,202,0,0,0,0,0,0,N/A,N/A,N/A,N/A,1.75,0,0,0
8526,12/22/2022 6:00,123456,lotno,3581,214,0,0,0,0,0,3,0,0,0,2,0,204,0,0,0,0,0,0,N/A,N/A,N/A,N/A,2.75,0,0,0
8527,12/22/2022 7:00,123456,lotno,3791,210,0,2,0,0,0,0,0,0,0,0,0,181,0,0,0,0,0,0,N/A,N/A,N/A,N/A,2,0,0,0
8528,12/22/2022 8:00,123456,lotno,3986,195,0,0,0,0,0,1,0,0,0,0,0,183,0,1,0,0,0,0,N/A,N/A,N/A,N/A,1.25,0,0,0
8529,12/22/2022 9:00,123456,lotno,4181,195,0,0,0,3,2,0,0,0,0,0,0,179,0,0,0,0,0,0,N/A,N/A,N/A,N/A,3.75,6,0,6
8530,12/22/2022 10:00,123456,lotno,4386,205,0,0,0,1,1,0,0,0,0,0,0,193,1,0,0,0,0,0,N/A,N/A,N/A,N/A,2.25,2,0,2
8531,12/22/2022 11:00,123456,lotno,4593,207,0,0,1,0,0,0,0,0,0,1,0,194,0,0,0,0,0,0,N/A,N/A,N/A,N/A,2,3,0,3
8532,12/22/2022 12:00,123456,lotno,4809,216,0,0,0,0,0,1,0,0,0,1,0,190,0,0,0,0,0,0,N/A,N/A,N/A,N/A,1.25,0,0,0
8533,12/22/2022 13:00,123456,lotno,5022,213,1,0,0,0,1,0,0,0,0,0,0,192,0,0,0,0,0,0,N/A,N/A,N/A,N/A,1.75,0,0,0
8534,12/22/2022 14:00,123456,lotno,5176,154,4,1,6,1,0,0,0,0,0,0,0,138,0,0,0,0,0,0,N/A,N/A,N/A,N/A,11.75,7,4,3
8535,12/22/2022 15:00,123456,lotno,5391,215,0,0,0,0,0,1,0,0,0,3,0,189,0,0,0,0,0,0,N/A,N/A,N/A,N/A,3.25,0,0,0
8536,12/22/2022 16:00,123456,lotno,5587,196,2,1,0,0,1,2,0,0,0,2,0,183,0,0,0,0,0,0,N/A,N/A,N/A,N/A,6.25,0,0,0
8537,12/22/2022 17:00,123456,lotno,5795,208,2,0,0,0,0,1,0,0,0,0,0,186,0,0,0,0,0,0,N/A,N/A,N/A,N/A,2.25,1,0,1
8538,12/22/2022 18:00,123456,lotno,6005,210,2,0,0,0,0,0,0,0,0,1,0,198,0,0,0,0,3,0,N/A,N/A,N/A,N/A,3,1,0,1
8539,12/22/2022 19:00,123456,lotno,6216,211,2,0,0,0,0,1,0,0,0,3,0,185,0,0,0,0,0,0,N/A,N/A,N/A,N/A,5.25,0,0,0
8540,12/22/2022 20:00,123456,lotno,6399,183,0,0,0,3,3,0,0,0,0,4,0,144,1,0,0,0,0,0,N/A,N/A,N/A,N/A,9.25,7,0,7
8541,12/22/2022 21:00,123456,lotno,6613,214,0,0,0,0,1,1,0,0,0,4,0,169,0,0,0,0,0,0,N/A,N/A,N/A,N/A,5,0,0,0
8542,12/22/2022 22:00,123456,lotno,6821,208,1,0,0,1,0,2,0,0,0,2,0,186,0,0,0,0,0,0,N/A,N/A,N/A,N/A,4.25,1,0,1
8543,12/22/2022 23:00,123456,lotno,7018,197,1,0,0,0,0,3,0,0,0,3,0,167,0,0,0,0,8,0,N/A,N/A,N/A,N/A,4.75,1,0,1
8544,12/23/2022 0:00,123456,lotno,7232,214,1,0,0,0,0,1,0,0,0,4,0,170,0,0,0,0,0,0,N/A,N/A,N/A,N/A,5.25,0,0,0
8545,12/23/2022 1:00,123456,lotno,7446,214,0,0,1,0,0,1,0,0,0,1,0,193,0,0,0,0,0,0,N/A,N/A,N/A,N/A,2.25,0,0,0
8546,12/23/2022 2:00,123456,lotno,7650,204,3,0,0,0,0,0,0,0,0,2,0,177,0,0,0,0,0,0,N/A,N/A,N/A,N/A,5,2,2,0
8547,12/23/2022 3:00,123456,lotno,7866,216,0,0,0,0,0,0,0,0,0,1,0,185,0,0,0,0,0,0,N/A,N/A,N/A,N/A,1,0,0,0
8548,12/23/2022 4:00,123456,lotno,8081,215,0,0,0,0,0,0,0,0,0,2,0,176,0,0,0,0,5,0,N/A,N/A,N/A,N/A,2,0,0,0
8549,12/23/2022 5:00,123456,lotno,8293,212,0,0,0,0,1,1,0,0,0,4,0,174,0,0,0,0,0,0,N/A,N/A,N/A,N/A,5,0,0,0
8550,12/23/2022 6:00,123456,lotno,8357,64,4,0,0,0,0,0,0,0,0,0,0,60,0,0,0,0,0,0,N/A,N/A,N/A,N/A,4,0,0,0
8551,12/23/2022 7:00,123456,lotno,8405,48,3,0,0,0,0,0,0,0,0,2,0,48,0,0,0,0,0,0,N/A,N/A,N/A,N/A,5,0,0,0
8552,12/23/2022 8:00,123456,lotno,8597,192,1,1,0,3,3,0,0,0,0,5,0,173,0,4,0,0,0,0,N/A,N/A,N/A,N/A,15.5,1,0,1
8553,12/23/2022 9:00,123456,lotno,8806,209,2,0,0,3,2,1,0,0,0,1,0,199,1,0,0,0,0,0,N/A,N/A,N/A,N/A,7.75,0,0,0
8554,12/23/2022 10:00,123456,lotno,9009,203,2,1,0,0,0,0,0,0,0,1,0,169,0,0,0,0,6,0,N/A,N/A,N/A,N/A,4,2,2,0
8555,12/23/2022 11:00,123456,lotno,9153,144,0,2,1,1,6,0,0,1,0,4,0,127,0,6,0,0,0,0,N/A,N/A,N/A,N/A,19.25,0,0,0
8556,12/23/2022 12:00,123456,lotno,9438,199,0,0,0,0,0,0,0,0,0,1,0,185,0,0,0,0,0,0,N/A,N/A,N/A,N/A,1,0,0,0
8557,12/23/2022 13:00,123456,lotno,9638,200,0,0,0,0,1,1,0,0,0,0,0,166,0,0,0,0,0,0,N/A,N/A,N/A,N/A,1,0,0,0
8558,12/23/2022 14:00,123456,lotno,9838,200,0,0,0,0,1,0,0,0,0,0,0,144,0,0,0,0,0,0,N/A,N/A,N/A,N/A,0.75,0,0,0
8559,12/23/2022 15:00,123456,lotno,10029,191,0,1,3,3,3,3,0,0,0,0,0,164,1,0,0,0,0,0,N/A,N/A,N/A,N/A,10,0,0,0
8560,12/23/2022 16:00,123456,lotno,204,205,0,0,0,0,0,1,0,0,0,0,0,159,0,0,0,0,0,0,N/A,N/A,N/A,N/A,0.25,0,0,0
8561,12/23/2022 17:00,123456,lotno,423,219,0,0,0,0,0,1,0,0,0,1,0,150,0,0,0,0,0,0,N/A,N/A,N/A,N/A,1.25,0,0,0
8562,12/23/2022 18:00,123456,lotno,625,202,0,0,0,3,2,0,0,0,0,0,0,150,1,0,0,0,0,0,N/A,N/A,N/A,N/A,4.5,4,0,4
8563,12/23/2022 19:00,123456,lotno,821,196,2,0,0,4,3,0,0,0,0,1,0,135,1,0,0,0,0,0,N/A,N/A,N/A,N/A,9,4,0,4
8564,12/23/2022 20:00,123456,lotno,1019,198,0,0,0,2,3,3,0,0,0,0,0,138,1,0,0,0,0,0,N/A,N/A,N/A,N/A,5.25,5,0,5
8565,12/23/2022 21:00,123456,lotno,1226,207,7,0,0,0,0,0,0,0,0,1,1,135,0,0,0,0,0,0,N/A,N/A,N/A,N/A,8,1,0,1
8566,12/23/2022 22:00,123456,lotno,1436,210,0,0,0,3,4,0,0,0,0,3,0,176,1,0,0,0,0,0,N/A,N/A,N/A,N/A,9,0,0,0
8567,12/23/2022 23:00,123456,lotno,1651,215,0,0,0,0,0,2,0,0,0,1,0,199,0,0,0,0,0,0,N/A,N/A,N/A,N/A,1.5,0,0,0
8568,12/24/2022 0:00,123456,lotno,1868,217,2,0,0,0,0,0,0,0,0,2,0,146,0,0,0,0,0,0,N/A,N/A,N/A,N/A,4,0,0,0
8569,12/24/2022 1:00,123456,lotno,2082,214,1,0,0,0,0,1,0,0,0,4,0,156,0,0,0,0,0,0,N/A,N/A,N/A,N/A,5.25,0,0,0
8570,12/24/2022 2:00,123456,lotno,2172,90,0,0,0,0,0,0,0,1,0,1,0,52,0,0,0,0,0,0,N/A,N/A,N/A,N/A,2,2,0,2
8571,12/24/2022 3:00,123456,lotno,2172,0,0,0,0,0,0,0,0,0,0,0,0,0,0,0,0,0,0,0,N/A,N/A,N/A,N/A,0,0,0,0
8572,12/24/2022 4:00,123456,lotno,2172,0,0,0,0,0,0,0,0,0,0,0,0,0,0,0,0,0,0,0,N/A,N/A,N/A,N/A,0,0,0,0
8573,12/24/2022 5:00,123456,lotno,2172,0,0,0,0,0,0,0,0,0,0,0,0,0,0,0,0,0,0,0,N/A,N/A,N/A,N/A,0,0,0,0
8574,12/24/2022 6:00,123456,lotno,2172,0,0,0,0,0,0,0,0,0,0,0,0,0,0,0,0,0,0,0,N/A,N/A,N/A,N/A,0,0,0,0
8575,12/24/2022 7:00,123456,lotno,2172,0,0,0,0,0,0,0,0,0,0,0,0,0,0,0,0,0,0,0,N/A,N/A,N/A,N/A,0,0,0,0
8576,12/24/2022 8:00,123456,lotno,2172,0,0,0,0,0,0,0,0,0,0,0,0,0,0,0,0,0,0,0,N/A,N/A,N/A,N/A,0,0,0,0
8577,12/24/2022 9:00,123456,lotno,2172,0,0,0,0,0,0,0,0,0,0,0,0,0,0,0,0,0,0,0,N/A,N/A,N/A,N/A,0,0,0,0
8578,12/24/2022 10:00,123456,lotno,2172,0,0,0,0,0,0,0,0,0,0,0,0,0,0,0,0,0,0,0,N/A,N/A,N/A,N/A,0,0,0,0
8579,12/24/2022 11:00,123456,lotno,2172,0,0,0,0,0,0,0,0,0,0,0,0,0,0,0,0,0,0,0,N/A,N/A,N/A,N/A,0,0,0,0
8580,12/24/2022 12:00,123456,lotno,2172,0,0,0,0,0,0,0,0,0,0,0,0,0,0,0,0,0,0,0,N/A,N/A,N/A,N/A,0,0,0,0
8581,12/24/2022 13:00,123456,lotno,2172,0,0,0,0,0,0,0,0,0,0,0,0,0,0,0,0,0,0,0,N/A,N/A,N/A,N/A,0,0,0,0
8582,12/24/2022 14:00,123456,lotno,2172,0,0,0,0,0,0,0,0,0,0,0,0,0,0,0,0,0,0,0,N/A,N/A,N/A,N/A,0,0,0,0
8583,12/24/2022 15:00,123456,lotno,2172,0,0,0,0,0,0,0,0,0,0,0,0,0,0,0,0,0,0,0,N/A,N/A,N/A,N/A,0,0,0,0
8584,12/24/2022 16:00,123456,lotno,2172,0,0,0,0,0,0,0,0,0,0,0,0,0,0,0,0,0,0,0,N/A,N/A,N/A,N/A,0,0,0,0
8585,12/24/2022 17:00,123456,lotno,2172,0,0,0,0,0,0,0,0,0,0,0,0,0,0,0,0,0,0,0,N/A,N/A,N/A,N/A,0,0,0,0
8586,12/24/2022 18:00,123456,lotno,2172,0,0,0,0,0,0,0,0,0,0,0,0,0,0,0,0,0,0,0,N/A,N/A,N/A,N/A,0,0,0,0
8587,12/24/2022 19:00,123456,lotno,2172,0,0,0,0,0,0,0,0,0,0,0,0,0,0,0,0,0,0,0,N/A,N/A,N/A,N/A,0,0,0,0
8588,12/24/2022 20:00,123456,lotno,2172,0,0,0,0,0,0,0,0,0,0,0,0,0,0,0,0,0,0,0,N/A,N/A,N/A,N/A,0,0,0,0
8589,12/24/2022 21:00,123456,lotno,2172,0,0,0,0,0,0,0,0,0,0,0,0,0,0,0,0,0,0,0,N/A,N/A,N/A,N/A,0,0,0,0
8590,12/24/2022 22:00,123456,lotno,2172,0,0,0,0,0,0,0,0,0,0,0,0,0,0,0,0,0,0,0,N/A,N/A,N/A,N/A,0,0,0,0
8591,12/24/2022 23:00,123456,lotno,2172,0,0,0,0,0,0,0,0,0,0,0,0,0,0,0,0,0,0,0,N/A,N/A,N/A,N/A,0,0,0,0
8592,12/25/2022 0:00,123456,lotno,2172,0,0,0,0,0,0,0,0,0,0,0,0,0,0,0,0,0,0,0,N/A,N/A,N/A,N/A,0,0,0,0
8593,12/25/2022 1:00,123456,lotno,2172,0,0,0,0,0,0,0,0,0,0,0,0,0,0,0,0,0,0,0,N/A,N/A,N/A,N/A,0,0,0,0
8594,12/25/2022 2:00,123456,lotno,2172,0,0,0,0,0,0,0,0,0,0,0,0,0,0,0,0,0,0,0,N/A,N/A,N/A,N/A,0,0,0,0
8595,12/25/2022 3:00,123456,lotno,2172,0,0,0,0,0,0,0,0,0,0,0,0,0,0,0,0,0,0,0,N/A,N/A,N/A,N/A,0,0,0,0
8596,12/25/2022 4:00,123456,lotno,2172,0,0,0,0,0,0,0,0,0,0,0,0,0,0,0,0,0,0,0,N/A,N/A,N/A,N/A,0,0,0,0
8597,12/25/2022 5:00,123456,lotno,2172,0,0,0,0,0,0,0,0,0,0,0,0,0,0,0,0,0,0,0,N/A,N/A,N/A,N/A,0,0,0,0
8598,12/25/2022 6:00,123456,lotno,2172,0,0,0,0,0,0,0,0,0,0,0,0,0,0,0,0,0,0,0,N/A,N/A,N/A,N/A,0,0,0,0
8599,12/25/2022 7:00,123456,lotno,2172,0,0,0,0,0,0,0,0,0,0,0,0,0,0,0,0,0,0,0,N/A,N/A,N/A,N/A,0,0,0,0
8600,12/25/2022 8:00,123456,lotno,2172,0,0,0,0,0,0,0,0,0,0,0,0,0,0,0,0,0,0,0,N/A,N/A,N/A,N/A,0,0,0,0
8601,12/25/2022 9:00,123456,lotno,2172,0,0,0,0,0,0,0,0,0,0,0,0,0,0,0,0,0,0,0,N/A,N/A,N/A,N/A,0,0,0,0
8602,12/25/2022 10:00,123456,lotno,2172,0,0,0,0,0,0,0,0,0,0,0,0,0,0,0,0,0,0,0,N/A,N/A,N/A,N/A,0,0,0,0
8603,12/25/2022 11:00,123456,lotno,2172,0,0,0,0,0,0,0,0,0,0,0,0,0,0,0,0,0,0,0,N/A,N/A,N/A,N/A,0,0,0,0
8604,12/25/2022 12:00,123456,lotno,2172,0,0,0,0,0,0,0,0,0,0,0,0,0,0,0,0,0,0,0,N/A,N/A,N/A,N/A,0,0,0,0
8605,12/25/2022 13:00,123456,lotno,2172,0,0,0,0,0,0,0,0,0,0,0,0,0,0,0,0,0,0,0,N/A,N/A,N/A,N/A,0,0,0,0
8606,12/25/2022 14:00,123456,lotno,2172,0,0,0,0,0,0,0,0,0,0,0,0,0,0,0,0,0,0,0,N/A,N/A,N/A,N/A,0,0,0,0
8607,12/25/2022 15:00,123456,lotno,2172,0,0,0,0,0,0,0,0,0,0,0,0,0,0,0,0,0,0,0,N/A,N/A,N/A,N/A,0,0,0,0
8608,12/25/2022 16:00,123456,lotno,2172,0,0,0,0,0,0,0,0,0,0,0,0,0,0,0,0,0,0,0,N/A,N/A,N/A,N/A,0,0,0,0
8609,12/25/2022 17:00,123456,lotno,2172,0,0,0,0,0,0,0,0,0,0,0,0,0,0,0,0,0,0,0,N/A,N/A,N/A,N/A,0,0,0,0
8610,12/25/2022 18:00,123456,lotno,2172,0,0,0,0,0,0,0,0,0,0,0,0,0,0,0,0,0,0,0,N/A,N/A,N/A,N/A,0,0,0,0
8611,12/25/2022 19:00,123456,lotno,2172,0,0,0,0,0,0,0,0,0,0,0,0,0,0,0,0,0,0,0,N/A,N/A,N/A,N/A,0,0,0,0
8612,12/25/2022 20:00,123456,lotno,2172,0,0,0,0,0,0,0,0,0,0,0,0,0,0,0,0,0,0,0,N/A,N/A,N/A,N/A,0,0,0,0
8613,12/25/2022 21:00,123456,lotno,2172,0,0,0,0,0,0,0,0,0,0,0,0,0,0,0,0,0,0,0,N/A,N/A,N/A,N/A,0,0,0,0
8614,12/25/2022 22:00,123456,lotno,2172,0,0,0,0,0,0,0,0,0,0,0,0,0,0,0,0,0,0,0,N/A,N/A,N/A,N/A,0,0,0,0
8615,12/25/2022 23:00,123456,lotno,2172,0,0,0,0,0,0,0,0,0,0,0,0,0,0,0,0,0,0,0,N/A,N/A,N/A,N/A,0,0,0,0
8616,12/26/2022 0:00,123456,lotno,2172,0,0,0,0,0,0,0,0,0,0,0,0,0,0,0,0,0,0,0,N/A,N/A,N/A,N/A,0,0,0,0
8617,12/26/2022 1:00,123456,lotno,2172,0,0,0,0,0,0,0,0,0,0,0,0,0,0,0,0,0,0,0,N/A,N/A,N/A,N/A,0,0,0,0
8618,12/26/2022 2:00,123456,lotno,2172,0,0,0,0,0,0,0,0,0,0,0,0,0,0,0,0,0,0,0,N/A,N/A,N/A,N/A,0,0,0,0
8619,12/26/2022 3:00,123456,lotno,2172,0,0,0,0,0,0,0,0,0,0,0,0,0,0,0,0,0,0,0,N/A,N/A,N/A,N/A,0,0,0,0
8620,12/26/2022 4:00,123456,lotno,2172,0,0,0,0,0,0,0,0,0,0,0,0,0,0,0,0,0,0,0,N/A,N/A,N/A,N/A,0,0,0,0
8621,12/26/2022 5:00,123456,lotno,2172,0,0,0,0,0,0,0,0,0,0,0,0,0,0,0,0,0,0,0,N/A,N/A,N/A,N/A,0,0,0,0
8622,12/26/2022 6:00,123456,lotno,2172,0,0,0,0,0,0,0,0,0,0,0,0,0,0,0,0,0,0,0,N/A,N/A,N/A,N/A,0,0,0,0
8623,12/26/2022 7:00,123456,lotno,2172,0,0,0,0,0,0,0,0,0,0,0,0,0,0,0,0,0,0,0,N/A,N/A,N/A,N/A,0,0,0,0
8624,12/26/2022 8:00,123456,lotno,2172,0,0,0,0,0,0,0,0,0,0,0,0,0,0,0,0,0,0,0,N/A,N/A,N/A,N/A,0,0,0,0
8625,12/26/2022 9:00,123456,lotno,2172,0,0,0,0,0,0,0,0,0,0,0,0,0,0,0,0,0,0,0,N/A,N/A,N/A,N/A,0,0,0,0
8626,12/26/2022 10:00,123456,lotno,2172,0,0,0,0,0,0,0,0,0,0,0,0,0,0,0,0,0,0,0,N/A,N/A,N/A,N/A,0,0,0,0
8627,12/26/2022 11:00,123456,lotno,2172,0,0,0,0,0,0,0,0,0,0,0,0,0,0,0,0,0,0,0,N/A,N/A,N/A,N/A,0,0,0,0
8628,12/26/2022 12:00,123456,lotno,2172,0,0,0,0,0,0,0,0,0,0,0,0,0,0,0,0,0,0,0,N/A,N/A,N/A,N/A,0,0,0,0
8629,12/26/2022 13:00,123456,lotno,2172,0,0,0,0,0,0,0,0,0,0,0,0,0,0,0,0,0,0,0,N/A,N/A,N/A,N/A,0,0,0,0
8630,12/26/2022 14:00,123456,lotno,2172,0,0,0,0,0,0,0,0,0,0,0,0,0,0,0,0,0,0,0,N/A,N/A,N/A,N/A,0,0,0,0
8631,12/26/2022 15:00,123456,lotno,2172,0,0,0,0,0,0,0,0,0,0,0,0,0,0,0,0,0,0,0,N/A,N/A,N/A,N/A,0,0,0,0
8632,12/26/2022 16:00,123456,lotno,2172,0,0,0,0,0,0,0,0,0,0,0,0,0,0,0,0,0,0,0,N/A,N/A,N/A,N/A,0,0,0,0
8633,12/26/2022 17:00,123456,lotno,2172,0,0,0,0,0,0,0,0,0,0,0,0,0,0,0,0,0,0,0,N/A,N/A,N/A,N/A,0,0,0,0
8634,12/26/2022 18:00,123456,lotno,2172,0,0,0,0,0,0,0,0,0,0,0,0,0,0,0,0,0,0,0,N/A,N/A,N/A,N/A,0,0,0,0
8635,12/26/2022 19:00,123456,lotno,2172,0,0,0,0,0,0,0,0,0,0,0,0,0,0,0,0,0,0,0,N/A,N/A,N/A,N/A,0,0,0,0
8636,12/26/2022 20:00,123456,lotno,2172,0,0,0,0,0,0,0,0,0,0,0,0,0,0,0,0,0,0,0,N/A,N/A,N/A,N/A,0,0,0,0
8637,12/26/2022 21:00,123456,lotno,2172,0,0,0,0,0,0,0,0,0,0,0,0,0,0,0,0,0,0,0,N/A,N/A,N/A,N/A,0,0,0,0
8638,12/26/2022 22:00,123456,lotno,2172,0,0,0,0,0,0,0,0,0,0,0,0,0,0,0,0,0,0,0,N/A,N/A,N/A,N/A,0,0,0,0
8639,12/26/2022 23:00,123456,lotno,2172,0,0,0,0,0,0,0,0,0,0,0,0,0,0,0,0,0,0,0,N/A,N/A,N/A,N/A,0,0,0,0
8640,12/27/2022 0:00,123456,lotno,2172,0,0,0,0,0,0,0,0,0,0,0,0,0,0,0,0,0,0,0,N/A,N/A,N/A,N/A,0,0,0,0
8641,12/27/2022 1:00,123456,lotno,2172,0,0,0,0,0,0,0,0,0,0,0,0,0,0,0,0,0,0,0,N/A,N/A,N/A,N/A,0,0,0,0
8642,12/27/2022 2:00,123456,lotno,2172,0,0,0,0,0,0,0,0,0,0,0,0,0,0,0,0,0,0,0,N/A,N/A,N/A,N/A,0,0,0,0
8643,12/27/2022 3:00,123456,lotno,2172,0,0,0,0,0,0,0,0,0,0,0,0,0,0,0,0,0,0,0,N/A,N/A,N/A,N/A,0,0,0,0
8644,12/27/2022 4:00,123456,lotno,2172,0,0,0,0,0,0,0,0,0,0,0,0,0,0,0,0,0,0,0,N/A,N/A,N/A,N/A,0,0,0,0
8645,12/27/2022 5:00,123456,lotno,2172,0,0,0,0,0,0,0,0,0,0,0,0,0,0,0,0,0,0,0,N/A,N/A,N/A,N/A,0,0,0,0
8646,12/27/2022 6:00,123456,lotno,2172,0,0,0,0,0,0,0,0,0,0,0,0,0,0,0,0,0,0,0,N/A,N/A,N/A,N/A,0,0,0,0
8647,12/27/2022 7:00,123456,lotno,2172,0,0,0,0,0,0,0,0,0,0,0,0,0,0,0,0,0,0,0,N/A,N/A,N/A,N/A,0,0,0,0
8648,12/27/2022 8:00,123456,lotno,2172,0,0,0,0,0,0,0,0,0,0,0,0,0,0,0,0,0,0,0,N/A,N/A,N/A,N/A,0,0,0,0
8649,12/27/2022 9:00,123456,lotno,2172,0,0,0,0,0,0,0,0,0,0,0,0,0,0,0,0,0,0,0,N/A,N/A,N/A,N/A,0,0,0,0
8650,12/27/2022 10:00,123456,lotno,2172,0,0,0,0,0,0,0,0,0,0,0,0,0,0,0,0,0,0,0,N/A,N/A,N/A,N/A,0,0,0,0
8651,12/27/2022 11:00,123456,lotno,2172,0,0,0,0,0,0,0,0,0,0,0,0,0,0,0,0,0,0,0,N/A,N/A,N/A,N/A,0,0,0,0
8652,12/27/2022 12:00,123456,lotno,2172,0,0,0,0,0,0,0,0,0,0,0,0,0,0,0,0,0,0,0,N/A,N/A,N/A,N/A,0,0,0,0
8653,12/27/2022 13:00,123456,lotno,2172,0,0,0,0,0,0,0,0,0,0,0,0,0,0,0,0,0,0,0,N/A,N/A,N/A,N/A,0,0,0,0
8654,12/27/2022 14:00,123456,lotno,2172,0,0,0,0,0,0,0,0,0,0,0,0,0,0,0,0,0,0,0,N/A,N/A,N/A,N/A,0,0,0,0
8655,12/27/2022 15:00,123456,lotno,2172,0,0,0,0,0,0,0,0,0,0,0,0,0,0,0,0,0,0,0,N/A,N/A,N/A,N/A,0,0,0,0
8656,12/27/2022 16:00,123456,lotno,2172,0,0,0,0,0,0,0,0,0,0,0,0,0,0,0,0,0,0,0,N/A,N/A,N/A,N/A,0,0,0,0
8657,12/27/2022 17:00,123456,lotno,2172,0,0,0,0,0,0,0,0,0,0,0,0,0,0,0,0,0,0,0,N/A,N/A,N/A,N/A,0,0,0,0
8658,12/27/2022 18:00,123456,lotno,2172,0,0,0,0,0,0,0,0,0,0,0,0,0,0,0,0,0,0,0,N/A,N/A,N/A,N/A,0,0,0,0
8659,12/27/2022 19:00,123456,lotno,2172,0,0,0,0,0,0,0,0,0,0,0,0,0,0,0,0,0,0,0,N/A,N/A,N/A,N/A,0,0,0,0
8660,12/27/2022 20:00,123456,lotno,2172,0,0,0,0,0,0,0,0,0,0,0,0,0,0,0,0,0,0,0,N/A,N/A,N/A,N/A,0,0,0,0
8661,12/27/2022 21:00,123456,lotno,2172,0,0,0,0,0,0,0,0,0,0,0,0,0,0,0,0,0,0,0,N/A,N/A,N/A,N/A,0,0,0,0
8662,12/27/2022 22:00,123456,lotno,2172,0,0,0,0,0,0,0,0,0,0,0,0,0,0,0,0,0,0,0,N/A,N/A,N/A,N/A,0,0,0,0
8663,12/27/2022 23:00,123456,lotno,2172,0,0,0,0,0,0,0,0,0,0,0,0,0,0,0,0,0,0,0,N/A,N/A,N/A,N/A,0,0,0,0
8664,12/28/2022 0:00,123456,lotno,2172,0,0,0,0,0,0,0,0,0,0,0,0,0,0,0,0,0,0,0,N/A,N/A,N/A,N/A,0,0,0,0
8665,12/28/2022 1:00,123456,lotno,2172,0,0,0,0,0,0,0,0,0,0,0,0,0,0,0,0,0,0,0,N/A,N/A,N/A,N/A,0,0,0,0
8666,12/28/2022 2:00,123456,lotno,2172,0,0,0,0,0,0,0,0,0,0,0,0,0,0,0,0,0,0,0,N/A,N/A,N/A,N/A,0,0,0,0
8667,12/28/2022 3:00,123456,lotno,2172,0,0,0,0,0,0,0,0,0,0,0,0,0,0,0,0,0,0,0,N/A,N/A,N/A,N/A,0,0,0,0
8668,12/28/2022 4:00,123456,lotno,2172,0,0,0,0,0,0,0,0,0,0,0,0,0,0,0,0,0,0,0,N/A,N/A,N/A,N/A,0,0,0,0
8669,12/28/2022 5:00,123456,lotno,2172,0,0,0,0,0,0,0,0,0,0,0,0,0,0,0,0,0,0,0,N/A,N/A,N/A,N/A,0,0,0,0
8670,12/28/2022 6:00,123456,lotno,2172,0,0,0,0,0,0,0,0,0,0,0,0,0,0,0,0,0,0,0,N/A,N/A,N/A,N/A,0,0,0,0
8671,12/28/2022 7:00,123456,lotno,2172,0,0,0,0,0,0,0,0,0,0,0,0,0,0,0,0,0,0,0,N/A,N/A,N/A,N/A,0,0,0,0
8672,12/28/2022 8:00,123456,lotno,2172,0,0,0,0,0,0,0,0,0,0,0,0,0,0,0,0,0,0,0,N/A,N/A,N/A,N/A,0,0,0,0
8673,12/28/2022 9:00,123456,lotno,2341,169,1,0,0,6,7,1,0,0,0,7,0,173,0,0,0,0,0,0,N/A,N/A,N/A,N/A,18,0,0,0
8674,12/28/2022 10:00,123456,lotno,2546,205,1,0,0,0,0,3,0,2,0,6,0,199,0,1,0,0,0,0,N/A,N/A,N/A,N/A,10.75,0,0,0
8675,12/28/2022 11:00,123456,lotno,2707,161,8,0,0,0,0,4,0,0,0,4,0,151,0,0,0,0,0,0,N/A,N/A,N/A,N/A,13,0,0,0
8676,12/28/2022 12:00,123456,lotno,2897,190,1,0,0,0,0,2,0,0,0,1,0,166,0,1,0,0,0,0,N/A,N/A,N/A,N/A,3.5,0,0,0
8677,12/28/2022 13:00,123456,lotno,3069,171,0,0,0,3,3,1,0,0,0,2,0,164,0,0,0,0,8,0,N/A,N/A,N/A,N/A,6.75,0,0,0
8678,12/28/2022 14:00,123456,lotno,3272,203,3,0,0,3,3,0,0,0,0,1,0,171,1,0,0,0,0,0,N/A,N/A,N/A,N/A,9.25,0,0,0
8679,12/28/2022 15:00,123456,lotno,3458,186,0,0,0,2,1,0,0,0,0,0,0,159,0,0,0,0,0,0,N/A,N/A,N/A,N/A,2.25,6,0,6
8680,12/28/2022 16:00,123456,lotno,3633,175,2,1,2,0,1,0,0,1,0,0,0,132,0,0,0,0,0,0,N/A,N/A,N/A,N/A,6.75,9,6,3
8681,12/28/2022 17:00,123456,lotno,3849,216,0,0,0,0,1,0,0,0,0,0,1,181,0,0,0,0,0,0,N/A,N/A,N/A,N/A,0.75,0,0,0
8682,12/28/2022 18:00,123456,lotno,4067,218,0,0,0,0,0,0,0,0,0,0,0,190,0,0,0,0,0,0,N/A,N/A,N/A,N/A,0,0,0,0
8683,12/28/2022 19:00,123456,lotno,4282,215,0,0,0,1,0,0,0,0,0,1,0,206,0,0,0,0,0,0,N/A,N/A,N/A,N/A,1.75,0,0,0
8684,12/28/2022 20:00,123456,lotno,4499,217,0,0,0,0,0,0,0,0,0,0,0,207,0,0,0,0,0,0,N/A,N/A,N/A,N/A,0,0,0,0
8685,12/28/2022 21:00,123456,lotno,4689,190,6,0,0,0,0,0,0,0,0,0,1,184,0,0,0,0,0,0,N/A,N/A,N/A,N/A,6,3,3,0
8686,12/28/2022 22:00,123456,lotno,4902,213,0,0,0,0,0,0,0,0,0,1,0,206,0,0,0,0,0,0,N/A,N/A,N/A,N/A,1,0,0,0
8687,12/28/2022 23:00,123456,lotno,5118,216,0,0,0,0,0,0,0,0,0,0,0,200,0,0,0,0,1,0,N/A,N/A,N/A,N/A,0,0,0,0
8688,12/29/2022 0:00,123456,lotno,5321,203,0,0,0,0,0,1,0,0,0,0,0,199,0,0,0,0,0,0,N/A,N/A,N/A,N/A,0.25,0,0,0
8689,12/29/2022 1:00,123456,lotno,5516,195,1,0,0,3,2,0,0,0,0,0,0,160,1,0,0,0,0,0,N/A,N/A,N/A,N/A,5.5,2,0,2
8690,12/29/2022 2:00,123456,lotno,5730,214,0,0,0,0,0,0,0,0,0,0,0,191,0,0,0,0,0,0,N/A,N/A,N/A,N/A,0,0,0,0
8691,12/29/2022 3:00,123456,lotno,5939,209,1,0,0,3,3,0,0,0,0,1,0,187,1,1,0,0,0,0,N/A,N/A,N/A,N/A,8.25,0,0,0
8692,12/29/2022 4:00,123456,lotno,6158,219,0,0,0,0,0,0,0,0,0,0,0,185,0,0,0,0,0,0,N/A,N/A,N/A,N/A,0,0,0,0
8693,12/29/2022 5:00,123456,lotno,6295,137,1,0,0,0,0,1,0,0,0,0,0,131,0,0,0,0,0,0,N/A,N/A,N/A,N/A,1.25,22,0,22
8694,12/29/2022 6:00,123456,lotno,6295,0,0,0,0,0,0,0,0,0,0,0,0,0,0,0,0,0,0,0,N/A,N/A,N/A,N/A,0,60,0,60
8695,12/29/2022 7:00,123456,lotno,6295,0,0,0,0,0,0,0,0,0,0,0,0,0,0,0,0,0,0,0,N/A,N/A,N/A,N/A,0,60,0,60
8696,12/29/2022 8:00,123456,lotno,6295,0,0,0,0,0,0,0,0,0,0,0,0,0,0,0,0,0,0,0,N/A,N/A,N/A,N/A,0,60,0,60
8697,12/29/2022 9:00,123456,lotno,6453,158,0,0,0,0,0,1,0,0,0,0,0,149,0,0,0,0,0,0,N/A,N/A,N/A,N/A,0.25,14,0,14
8698,12/29/2022 10:00,123456,lotno,6681,202,0,0,0,0,0,0,0,0,0,3,0,176,0,0,0,0,0,0,N/A,N/A,N/A,N/A,3,0,0,0
8699,12/29/2022 11:00,123456,lotno,6882,201,0,0,0,1,1,0,0,0,0,1,0,175,0,1,0,0,0,0,N/A,N/A,N/A,N/A,3.5,4,0,4
8700,12/29/2022 12:00,123456,lotno,7037,155,0,0,0,4,6,1,0,1,0,4,0,132,0,0,0,0,0,0,N/A,N/A,N/A,N/A,12.75,0,0,0
8701,12/29/2022 13:00,123456,lotno,7229,192,0,0,0,1,0,1,0,0,0,12,0,176,0,1,0,0,0,0,N/A,N/A,N/A,N/A,14,3,0,3
8702,12/29/2022 14:00,123456,lotno,7425,196,0,0,0,0,0,0,0,0,0,16,0,171,0,6,0,0,0,0,N/A,N/A,N/A,N/A,22,0,0,0
8703,12/29/2022 15:00,123456,lotno,7530,105,4,0,0,11,11,0,0,0,0,6,0,106,3,4,0,0,0,0,N/A,N/A,N/A,N/A,32.75,0,0,0
8704,12/29/2022 16:00,123456,lotno,7666,136,0,0,0,10,11,0,0,1,0,1,0,126,3,7,0,0,0,0,N/A,N/A,N/A,N/A,27,0,0,0
8705,12/29/2022 17:00,123456,lotno,7836,170,1,0,0,0,0,0,0,1,0,13,0,179,0,2,0,0,0,0,N/A,N/A,N/A,N/A,17,0,0,0
8706,12/29/2022 18:00,123456,lotno,7992,156,1,1,1,3,2,1,0,1,0,7,0,154,1,0,0,0,26,0,N/A,N/A,N/A,N/A,15.75,5,0,5
8707,12/29/2022 19:00,123456,lotno,8196,204,0,0,0,0,0,1,0,2,0,7,0,207,0,2,0,0,4,0,N/A,N/A,N/A,N/A,11.25,0,0,0
8708,12/29/2022 20:00,123456,lotno,8404,208,1,0,0,0,0,0,0,3,0,2,0,206,0,1,0,0,0,0,N/A,N/A,N/A,N/A,7,0,0,0
8709,12/29/2022 21:00,123456,lotno,8614,210,0,0,0,0,0,0,0,2,0,4,0,202,0,0,0,0,0,0,N/A,N/A,N/A,N/A,6,0,0,0
8710,12/29/2022 22:00,123456,lotno,8829,215,0,0,0,0,0,1,0,0,0,2,0,196,0,0,0,0,0,0,N/A,N/A,N/A,N/A,2.25,0,0,0
8711,12/29/2022 23:00,123456,lotno,9043,214,0,0,0,0,0,0,0,0,0,1,0,192,0,0,0,0,11,0,N/A,N/A,N/A,N/A,1,0,0,0
8712,12/30/2022 0:00,123456,lotno,9190,147,0,0,0,0,0,0,0,0,0,0,0,124,0,0,1,0,0,0,N/A,N/A,N/A,N/A,1,0,0,0
8713,12/30/2022 1:00,123456,lotno,9388,198,0,0,0,5,5,2,0,0,0,0,0,128,2,0,0,0,0,0,N/A,N/A,N/A,N/A,9.5,3,0,3
8714,12/30/2022 2:00,123456,lotno,9603,215,0,0,0,0,0,1,0,0,0,1,0,179,0,0,0,0,0,0,N/A,N/A,N/A,N/A,1.25,0,0,0
8715,12/30/2022 3:00,123456,lotno,9816,213,0,0,0,0,0,0,0,0,0,0,0,183,0,0,0,0,0,0,N/A,N/A,N/A,N/A,0,0,0,0
8716,12/30/2022 4:00,123456,lotno,9938,122,0,0,0,0,0,0,0,0,0,2,0,110,0,0,0,0,0,0,N/A,N/A,N/A,N/A,2,0,0,0
8717,12/30/2022 5:00,123456,lotno,9938,0,0,0,0,0,0,0,0,0,0,0,0,0,0,0,0,0,0,0,N/A,N/A,N/A,N/A,0,0,0,0
8718,12/30/2022 6:00,123456,lotno,9938,0,0,0,0,0,0,0,0,0,0,0,0,0,0,0,0,0,0,0,N/A,N/A,N/A,N/A,0,0,0,0
8719,12/30/2022 7:00,123456,lotno,9938,0,0,0,0,0,0,0,0,0,0,0,0,0,0,0,0,0,0,0,N/A,N/A,N/A,N/A,0,0,0,0
8720,12/30/2022 8:00,123456,lotno,9938,0,0,0,0,0,0,0,0,0,0,0,0,0,0,0,0,0,0,0,N/A,N/A,N/A,N/A,0,0,0,0
8721,12/30/2022 9:00,123456,lotno,9983,45,0,0,0,0,0,0,0,0,0,1,0,39,0,0,0,0,0,0,N/A,N/A,N/A,N/A,1,0,0,0
8722,12/30/2022 10:00,123456,lotno,9983,0,0,0,0,0,0,0,0,0,0,0,0,0,0,0,0,0,0,0,N/A,N/A,N/A,N/A,0,0,0,0
8723,12/30/2022 11:00,123456,lotno,N/A,N/A,N/A,N/A,N/A,N/A,N/A,N/A,N/A,N/A,N/A,N/A,N/A,N/A,N/A,N/A,N/A,N/A,N/A,N/A,N/A,N/A,N/A,N/A,N/A,N/A,N/A,N/A
8724,12/30/2022 12:00,123456,lotno,N/A,N/A,N/A,N/A,N/A,N/A,N/A,N/A,N/A,N/A,N/A,N/A,N/A,N/A,N/A,N/A,N/A,N/A,N/A,N/A,N/A,N/A,N/A,N/A,N/A,N/A,N/A,N/A
8725,12/30/2022 13:00,123456,lotno,N/A,N/A,N/A,N/A,N/A,N/A,N/A,N/A,N/A,N/A,N/A,N/A,N/A,N/A,N/A,N/A,N/A,N/A,N/A,N/A,N/A,N/A,N/A,N/A,N/A,N/A,N/A,N/A
8726,12/30/2022 14:00,123456,lotno,N/A,N/A,N/A,N/A,N/A,N/A,N/A,N/A,N/A,N/A,N/A,N/A,N/A,N/A,N/A,N/A,N/A,N/A,N/A,N/A,N/A,N/A,N/A,N/A,N/A,N/A,N/A,N/A
8727,12/30/2022 15:00,123456,lotno,90,0,0,0,0,0,0,0,0,0,0,0,0,0,0,0,0,0,0,0,N/A,N/A,N/A,N/A,0,0,0,0
8728,12/30/2022 16:00,123456,lotno,137,47,1,0,0,0,2,0,0,0,0,2,0,37,0,0,0,0,16,16,N/A,N/A,N/A,N/A,4.5,3,0,3
8729,12/30/2022 17:00,123456,lotno,298,161,6,0,0,0,0,0,0,0,0,2,0,141,0,0,0,0,80,80,N/A,N/A,N/A,N/A,8,4,4,0
8730,12/30/2022 18:00,123456,lotno,461,163,4,0,0,0,0,3,0,0,0,12,0,162,0,0,0,0,80,83,N/A,N/A,N/A,N/A,16.75,1,0,1
8731,12/30/2022 19:00,123456,lotno,628,167,3,0,0,0,0,1,0,0,0,10,0,169,0,0,0,0,82,85,N/A,N/A,N/A,N/A,13.25,0,0,0
8732,12/30/2022 20:00,123456,lotno,753,125,2,0,0,2,3,0,0,0,0,6,0,129,1,0,0,0,63,62,N/A,N/A,N/A,N/A,12.5,15,0,15
8733,12/30/2022 21:00,123456,lotno,925,172,4,0,0,0,0,0,0,0,0,7,0,170,0,0,0,0,86,86,N/A,N/A,N/A,N/A,11,0,0,0
8734,12/30/2022 22:00,123456,lotno,1100,175,1,1,0,0,0,2,0,0,0,5,0,173,0,0,0,0,38,37,N/A,N/A,N/A,N/A,7.5,0,0,0
8735,12/30/2022 23:00,123456,lotno,1258,158,0,0,0,4,2,1,0,0,0,11,0,152,1,0,0,0,0,0,N/A,N/A,N/A,N/A,16.5,3,0,3
8736,12/31/2022 0:00,123456,lotno,1429,171,2,0,0,0,0,4,0,0,0,9,0,159,0,0,0,0,0,0,N/A,N/A,N/A,N/A,12,0,0,0
8737,12/31/2022 1:00,123456,lotno,1592,163,3,0,0,0,0,1,0,0,0,15,0,133,0,0,0,0,0,0,N/A,N/A,N/A,N/A,18.25,1,0,1
8738,12/31/2022 2:00,123456,lotno,1710,118,1,0,0,2,3,2,0,0,0,20,0,125,1,0,0,0,0,0,N/A,N/A,N/A,N/A,26,4,0,4
8739,12/31/2022 3:00,123456,lotno,1710,0,0,0,0,0,0,0,0,0,0,0,0,0,0,0,0,0,0,0,N/A,N/A,N/A,N/A,0,0,0,0
8740,12/31/2022 4:00,123456,lotno,1710,0,0,0,0,0,0,0,0,0,0,0,0,0,0,0,0,0,0,0,N/A,N/A,N/A,N/A,0,0,0,0
8741,12/31/2022 5:00,123456,lotno,1710,0,0,0,0,0,0,0,0,0,0,0,0,0,0,0,0,0,0,0,N/A,N/A,N/A,N/A,0,0,0,0
8742,12/31/2022 6:00,123456,lotno,1710,0,0,0,0,0,0,0,0,0,0,0,0,0,0,0,0,0,0,0,N/A,N/A,N/A,N/A,0,0,0,0
8743,12/31/2022 7:00,123456,lotno,1710,0,0,0,0,0,0,0,0,0,0,0,0,0,0,0,0,0,0,0,N/A,N/A,N/A,N/A,0,0,0,0
8744,12/31/2022 8:00,123456,lotno,1710,0,0,0,0,0,0,0,0,0,0,0,0,0,0,0,0,0,0,0,N/A,N/A,N/A,N/A,0,0,0,0
8745,12/31/2022 9:00,123456,lotno,1710,0,0,0,0,0,0,0,0,0,0,0,0,0,0,0,0,0,0,0,N/A,N/A,N/A,N/A,0,0,0,0
8746,12/31/2022 10:00,123456,lotno,1710,0,0,0,0,0,0,0,0,0,0,0,0,0,0,0,0,0,0,0,N/A,N/A,N/A,N/A,0,0,0,0
8747,12/31/2022 11:00,123456,lotno,1710,0,0,0,0,0,0,0,0,0,0,0,0,0,0,0,0,0,0,0,N/A,N/A,N/A,N/A,0,0,0,0
8748,12/31/2022 12:00,123456,lotno,1710,0,0,0,0,0,0,0,0,0,0,0,0,0,0,0,0,0,0,0,N/A,N/A,N/A,N/A,0,0,0,0
8749,12/31/2022 13:00,123456,lotno,1710,0,0,0,0,0,0,0,0,0,0,0,0,0,0,0,0,0,0,0,N/A,N/A,N/A,N/A,0,0,0,0
8750,12/31/2022 14:00,123456,lotno,1710,0,0,0,0,0,0,0,0,0,0,0,0,0,0,0,0,0,0,0,N/A,N/A,N/A,N/A,0,0,0,0
8751,12/31/2022 15:00,123456,lotno,1710,0,0,0,0,0,0,0,0,0,0,0,0,0,0,0,0,0,0,0,N/A,N/A,N/A,N/A,0,0,0,0
8752,12/31/2022 16:00,123456,lotno,1710,0,0,0,0,0,0,0,0,0,0,0,0,0,0,0,0,0,0,0,N/A,N/A,N/A,N/A,0,0,0,0
8753,12/31/2022 17:00,123456,lotno,1710,0,0,0,0,0,0,0,0,0,0,0,0,0,0,0,0,0,0,0,N/A,N/A,N/A,N/A,0,0,0,0
8754,12/31/2022 18:00,123456,lotno,1710,0,0,0,0,0,0,0,0,0,0,0,0,0,0,0,0,0,0,0,N/A,N/A,N/A,N/A,0,0,0,0
8755,12/31/2022 19:00,123456,lotno,1710,0,0,0,0,0,0,0,0,0,0,0,0,0,0,0,0,0,0,0,N/A,N/A,N/A,N/A,0,0,0,0
8756,12/31/2022 20:00,123456,lotno,1710,0,0,0,0,0,0,0,0,0,0,0,0,0,0,0,0,0,0,0,N/A,N/A,N/A,N/A,0,0,0,0
8757,12/31/2022 21:00,123456,lotno,1710,0,0,0,0,0,0,0,0,0,0,0,0,0,0,0,0,0,0,0,N/A,N/A,N/A,N/A,0,0,0,0
8758,12/31/2022 22:00,123456,lotno,1710,0,0,0,0,0,0,0,0,0,0,0,0,0,0,0,0,0,0,0,N/A,N/A,N/A,N/A,0,0,0,0
8759,12/31/2022 23:00,123456,lotno,N/A,N/A,N/A,N/A,N/A,N/A,N/A,N/A,N/A,N/A,N/A,N/A,N/A,N/A,N/A,N/A,N/A,N/A,N/A,N/A,N/A,N/A,N/A,N/A,N/A,N/A,N/A,N/A
8760,1/1/2022 0:00,123456,lotno,2936,0,0,0,0,0,0,0,0,0,0,0,0,0,0,0,0,0,N/A,N/A,N/A,N/A,N/A,N/A,0,0,0,0
8761,5/19/2022 8:58,123456,lotno,0,0,0,0,0,0,0,0,0,0,0,0,0,0,0,0,0,0,N/A,N/A,N/A,N/A,N/A,N/A,0,0,0,0
